Date,amgn,gd,nwl,zion,mat,vno,sbac,flir,wfc,aee,fcx,ksu,mtb,duk,tss,etr,pnr,incy,regn,mdlz,wynn,pep,dva,ads,mnst,sti,akam,tfx,wat,antm,hon,o,usb,ma,rtn,sna,dre,csx,pcar,pru,amp,ndaq,ual,apa,re,gww,dte,cf,aig,msci
2017-05-05,158.25838,155.48949,43.39582,38.354713,22.243423,97.16484,108.38238,34.45517,52.7838,41.3638,12.705657,94.31555,137.67651,67.91774,56.89126,70.53696,61.857525,127.53859,481.1038,46.224674,125.69216,103.33919,76.34062,266.5177,45.679543,47.690243,64.41219,191.7479,153.30133,159.8532,91.05488,39.036594,38.77179,78.98101,101.1222,92.9392,16.961046,33.06687,52.029728,71.97691,86.4236,43.721657,52.22578,61.89608,140.01703,162.10265,67.086334,37.868427,212.15973,65.16616
2017-05-08,157.59576,155.15193,42.98631,38.03122,22.151136,97.025536,108.45682,34.34928,52.515236,41.23424,12.258786,94.201035,137.98615,67.83657,56.442654,70.45866,61.817028,126.89073,483.15704,46.016994,122.85406,103.15293,76.20655,265.14276,45.683086,47.556587,62.772892,190.13992,154.14978,159.36002,91.79174,39.227913,39.2223,80.49772,103.04161,94.72664,17.013723,33.286716,52.236618,72.96521,86.837715,44.2702,52.302715,61.922874,140.74626,165.16231,66.916916,39.03216,211.04971,64.8736
2017-05-09,158.45407,155.49573,43.455482,38.04875,22.51895,97.60624,108.25829,34.43241,52.940372,41.38065,12.27671,94.5082,139.42914,68.00746,57.60287,70.96933,62.03101,126.793884,489.55066,46.243046,122.96439,103.19069,76.18118,264.65353,46.48972,47.701023,61.72968,192.14104,156.77411,160.07483,93.09052,39.704193,39.857254,81.26724,105.06805,95.90725,17.26462,33.75126,52.77485,73.33341,89.99953,45.149323,53.135365,62.84698,142.52043,168.29533,67.23511,40.178432,212.14514,66.10151
2017-05-10,159.25862,156.081,44.01059,38.33259,22.709435,97.55299,109.08342,34.58819,53.23879,41.514725,12.449128,94.779236,140.3788,68.00167,58.42912,71.49954,62.196842,126.405594,495.25778,46.350407,123.01501,103.39887,76.07976,264.0792,47.339676,47.764793,60.237213,192.54878,158.66782,160.27429,94.02628,40.021706,40.087826,81.730736,106.37477,96.60499,17.497381,34.047466,53.125916,73.54837,92.04181,45.739185,53.463215,63.58249,144.05156,170.91165,67.6792,40.754013,214.7275,66.77792
2017-05-11,159.57787,156.20439,44.549225,38.510944,22.747154,97.53444,109.64467,34.72144,53.29328,41.51642,12.530458,94.963,140.62631,68.003586,58.72658,71.733,62.25542,125.92492,499.699,46.346653,124.6296,103.53539,76.037025,263.41687,47.972435,47.72262,58.99317,192.23483,159.43086,160.13939,94.48708,40.226463,40.12411,82.2016,107.17927,97.23429,17.650667,34.14812,53.216404,73.7289,93.1095,45.998436,53.47268,64.02478,145.6267,172.45714,68.020256,40.997272,216.90416,66.83893
2017-05-12,159.13885,155.91393,44.841084,38.452496,22.57061,97.20188,110.07351,34.77287,53.037903,41.420204,12.506675,94.76956,140.25398,67.94695,58.44492,71.618706,62.11937,125.0604,502.25903,46.23301,124.96028,103.54526,75.98585,261.96115,48.27686,47.588234,57.936348,190.83224,158.81592,159.72386,94.55421,40.27309,40.054703,82.792984,107.57785,97.884415,17.713943,34.101376,53.07415,73.94543,93.27849,46.049103,53.296978,64.07887,146.77193,173.09015,68.18317,41.029385,217.47884,66.411514
2017-05-15,157.98851,155.40274,44.878223,38.030045,22.243814,96.83495,110.31459,34.705956,52.527428,41.25677,12.277951,94.56327,139.3162,67.858475,57.644417,71.218216,61.862858,123.74287,503.06326,45.9978,123.1956,103.39748,75.94709,259.3965,48.247074,47.362705,57.01162,188.29678,157.69495,159.07684,94.28157,40.172337,39.92806,83.536125,107.711876,98.55044,17.696241,33.986855,52.739323,74.18969,92.68207,45.978348,53.01083,63.719097,147.48235,172.98262,68.14683,40.93766,215.79372,65.67062
2017-05-16,158.33931,155.56989,45.42361,37.955,22.47847,97.110504,109.88754,34.852406,52.730274,41.36342,12.409581,94.82776,139.79369,68.03024,58.40696,71.41821,61.890965,123.241,508.32407,46.2297,125.764565,103.44001,76.01466,259.39072,48.627865,47.441372,56.795723,189.61267,158.46335,159.60735,94.76943,40.390408,40.20172,83.69414,108.22077,98.83565,17.84928,34.171387,52.90259,74.077324,94.91471,46.358627,53.616386,64.511765,149.3457,173.8849,68.58764,41.08075,216.70912,66.609955
2017-05-17,158.76714,155.9748,45.713062,38.152462,22.361431,96.95176,110.13663,35.065422,52.927696,41.480545,12.628583,95.038994,140.09074,68.02553,58.950752,71.68779,61.889786,123.00237,513.6166,46.399178,126.46337,103.65382,75.97375,259.2573,48.897644,47.472588,56.77909,190.06065,159.1633,159.78337,95.08755,40.51187,40.236786,83.666016,108.38912,98.872345,17.987759,34.271175,53.067715,73.967545,96.338936,46.597645,53.779716,65.10121,150.99643,174.24959,69.154816,40.973045,219.12689,67.142
2017-05-18,158.84802,155.9121,45.810364,38.13843,22.300928,96.689476,110.32811,35.176567,52.802418,41.472603,12.715225,94.714,139.8457,68.01627,59.001225,71.70386,61.798786,122.73091,517.93256,46.462025,125.15601,103.79996,75.905975,258.27823,48.90809,47.308887,56.39813,189.66095,159.22809,159.58469,95.070816,40.53726,40.161724,83.72897,108.27047,99.0532,18.069874,34.235386,53.06372,73.92287,97.00165,46.648235,53.69012,65.26486,152.11034,174.36638,69.598,40.777912,221.10832,67.10329
2017-05-19,158.30064,155.40431,45.646854,37.898342,22.157091,96.1908,110.45916,35.105984,52.517624,41.374477,12.517815,94.126755,139.13564,67.949776,58.531803,71.479065,61.716698,123.079865,520.1391,46.365967,123.10241,103.8052,75.82244,256.22266,48.72736,47.001896,55.631325,188.31961,158.6139,158.98656,94.8222,40.467953,40.0341,83.97505,107.982666,99.32946,18.0795,34.112072,52.890984,73.94617,96.87969,46.56069,53.440804,64.921555,152.70013,174.10986,69.837006,40.52018,221.541,66.55817
2017-05-22,157.01039,154.71132,45.282997,37.514698,21.894453,95.88792,110.50265,34.889374,52.134647,41.220413,12.021109,93.496284,138.12721,67.86731,57.64249,70.96224,61.589863,123.51853,519.9908,46.16004,119.364815,103.634125,75.770905,253.31644,48.31834,46.682373,54.795036,186.12488,157.63503,158.07452,94.37959,40.330124,39.886757,84.4377,107.72896,99.700775,18.024876,33.931675,52.59036,74.071625,96.15613,46.428055,53.13164,64.27128,152.8855,173.26524,69.81644,40.31636,219.85301,65.78536
2017-05-23,156.78633,154.87288,45.638107,37.556057,22.085434,96.18997,110.018555,34.84755,52.439064,41.3326,12.070983,93.60063,138.71494,68.04127,58.347404,70.99521,61.771797,124.96405,523.5923,46.40807,121.267334,103.64657,75.820915,253.44597,48.53545,46.698242,54.677895,187.82693,158.42802,158.2732,94.79544,40.52465,40.133198,84.39821,108.06033,99.74455,18.142155,34.104565,52.794537,73.87914,98.09835,46.77436,53.720238,64.78348,154.13576,173.56755,70.27225,40.370735,220.83578,66.67427
2017-05-24,156.5146,155.34785,45.746487,37.88822,21.860733,96.29113,110.26789,34.85936,52.706173,41.472134,12.333984,93.77382,139.18735,68.05317,58.845455,71.30103,61.82682,126.41466,527.0291,46.586445,122.9288,103.84075,75.779945,253.2686,48.867184,46.69117,54.66007,188.89572,159.11467,158.26735,95.05985,40.659443,40.165092,84.21849,108.01135,99.53889,18.257643,34.226826,52.98247,73.70448,99.22932,47.02223,53.904076,65.17309,155.24062,173.87656,70.87068,40.239418,223.25294,67.19761
2017-05-25,156.20511,155.61601,45.743427,38.229755,21.805632,96.39222,110.41456,34.845356,52.790997,41.485817,12.495005,93.720184,139.20596,68.069725,58.919453,71.53923,61.784977,127.67656,529.4219,46.668297,123.68522,103.99528,75.78138,252.63272,49.19247,46.64747,54.601906,189.28215,159.31819,158.09663,95.02674,40.751297,40.095104,84.181046,107.79697,99.46563,18.318628,34.25444,53.002304,73.639175,99.68466,47.127045,53.865574,65.2143,155.93602,174.13486,71.3555,40.058136,225.25494,67.2218
2017-05-26,155.52896,155.55298,45.593544,38.332092,21.936644,96.32711,110.55101,34.751724,52.634766,41.401756,12.397609,93.20338,138.82442,68.02278,58.59085,71.53734,61.66449,128.57484,529.9374,46.63121,123.17819,104.066505,75.768845,251.88536,49.40828,46.558174,54.366394,188.5334,159.09163,157.75238,94.77734,40.793877,39.984756,84.39295,107.600975,99.65191,18.315815,34.23353,52.863327,73.71588,99.48217,47.126373,53.710667,64.82896,156.22842,173.91524,71.64566,39.848648,225.74207,66.83001
2017-05-29,154.28946,155.15338,45.291164,38.144276,21.826303,95.961494,110.63159,34.496788,52.25532,41.244167,12.102152,92.91926,138.13661,67.949905,57.828167,71.35716,61.43845,128.77515,528.16547,46.494423,121.59869,104.01602,75.75092,250.54677,49.468307,46.421318,54.052597,186.83289,158.32292,157.20665,94.35415,40.772022,39.85176,84.83632,107.42507,99.93083,18.253088,34.113667,52.59974,73.89946,98.73728,47.048927,53.465267,63.973686,156.1841,173.17809,71.74351,39.60289,224.17805,66.11723
2017-05-30,153.5298,155.00197,45.23962,37.874836,21.742823,95.855804,110.45341,34.39076,52.068398,41.19454,11.908302,93.10777,137.92946,67.98922,57.59872,71.327736,61.324223,128.85617,527.00446,46.490234,121.20424,104.001114,75.7692,250.13869,49.671806,46.41179,53.820915,186.42517,158.1209,157.06555,94.2975,40.857826,39.89111,85.13348,107.528656,100.071144,18.248583,34.137985,52.54133,73.94547,99.0004,47.14846,53.6114,63.541706,156.56429,172.76852,71.934364,39.45893,222.88718,66.08441
2017-05-31,153.55498,155.27444,45.402977,37.77574,21.704535,95.92643,110.33273,34.54021,52.14827,41.283546,11.9687395,93.68779,138.25746,68.062386,57.972893,71.57751,61.33351,128.95276,527.3893,46.63256,122.01575,104.15404,75.77622,250.82874,50.072388,46.500652,53.75029,187.33754,158.57843,157.31967,94.591995,41.051655,40.000626,85.084885,107.641685,99.89293,18.330168,34.294235,52.732433,73.79028,100.21298,47.406254,53.973083,63.705833,157.49176,172.87543,72.350914,39.327293,223.68748,66.677025
2017-06-01,153.2107,155.54524,45.623287,37.82628,22.167511,95.4927,110.701126,34.79444,51.879948,41.351635,12.145711,94.52251,138.27196,68.08872,57.46778,71.556335,61.336906,128.88632,524.5634,46.866005,126.73917,104.62501,75.82398,251.76039,50.570805,46.351143,54.295303,184.53784,157.86217,156.98363,94.73555,41.008423,39.77319,84.49505,107.12127,99.39637,18.394226,34.114742,52.83728,73.356186,99.7879,47.38498,53.8488,63.12447,157.38972,172.87398,72.52315,38.894386,221.70312,65.948906
2017-06-02,151.78815,155.26907,45.66635,37.59987,22.900795,95.279015,110.306496,35.172047,51.74862,41.046436,12.282111,95.75047,139.16837,67.91325,57.719856,71.36481,61.332813,129.11763,524.5751,46.694878,127.78272,104.58431,75.76775,252.18336,50.02699,46.23251,54.365726,185.94754,158.19127,157.91783,91.29468,40.30451,37.70567,83.293236,103.93275,96.36784,17.914808,32.52413,51.365337,71.43684,93.90698,44.538586,52.783962,60.709538,153.81432,163.32274,72.06347,36.198975,222.3862,66.59285
2017-06-05,150.73343,155.21968,45.43792,37.26375,22.793432,95.229385,110.281006,35.206944,51.33028,41.07472,11.965757,95.54123,138.57082,67.802864,57.481007,71.69404,61.27733,128.8755,524.6187,46.707073,127.585464,104.71404,75.79506,250.36703,49.74417,46.126057,54.05714,186.1822,158.4346,157.615,91.429054,40.20613,38.072025,83.97589,104.683495,97.11847,17.622053,32.75583,51.36646,71.81631,93.53991,44.431747,53.131817,61.300156,152.37666,162.74747,71.95342,36.611294,227.16779,68.41943
2017-06-06,151.60661,155.95503,45.924706,37.308895,23.081656,95.88536,109.78965,35.38363,51.63855,41.34675,12.014677,95.79307,139.49359,68.03003,58.706924,72.513985,61.608112,129.28075,530.7619,46.970364,130.79999,104.93854,75.899895,251.44225,50.111053,46.23714,54.370872,189.87833,160.37212,158.90556,93.09275,40.80262,39.25975,84.85828,107.1062,98.723114,17.751131,33.58586,52.3329,72.72999,96.8719,45.53585,54.56068,63.97577,154.34045,166.29048,72.30397,38.074112,233.20807,71.47812
2017-06-07,152.9521,156.58656,46.107742,37.4735,23.235468,95.982765,110.091545,35.45516,51.891693,41.55808,12.101193,95.94585,139.93785,68.06088,59.52422,73.40673,61.659393,129.19797,535.9772,47.140415,131.85266,105.233696,75.8442,252.06024,50.489082,46.221485,54.883064,192.00108,161.94006,159.60828,94.653854,41.397045,39.95245,85.744125,109.1326,100.28053,17.944876,34.197582,53.14013,73.521866,99.32852,46.62209,55.23705,66.58368,156.37007,170.50566,72.75963,39.468075,239.32843,73.53763
2017-06-08,154.19392,156.73758,46.169655,37.639187,23.21067,95.79179,110.25433,35.40698,51.984386,41.61696,12.070554,96.0801,139.89156,68.08055,59.88362,74.08251,61.65176,128.66978,540.1075,47.202076,131.06635,105.40867,75.8199,252.51526,50.706272,46.148006,55.23165,193.04677,162.83551,159.9212,95.712616,41.90118,40.319023,86.65282,110.71842,101.77787,18.101776,34.529385,53.582718,74.167496,100.85365,47.471832,55.412567,68.15321,157.86594,173.97894,73.09818,40.53753,243.90834,74.48922
2017-06-09,154.9864,156.5674,46.03114,37.643074,22.996517,95.623535,110.42171,35.21271,51.888103,41.559822,11.921937,95.86098,139.43837,68.03463,59.657997,74.30415,61.52092,127.63444,542.3748,47.107952,129.53777,105.413765,75.74206,252.11987,50.66008,46.05579,55.430676,192.82874,162.88112,159.8209,96.28259,42.24899,40.47779,87.60319,111.89627,103.22141,18.188318,34.66074,53.716095,74.72481,101.56625,48.060402,55.255447,68.72306,158.73825,176.4993,73.14847,41.297974,246.11748,74.515724
2017-06-12,155.13654,156.08163,45.729008,37.593384,22.600512,95.43526,110.51649,34.8595,51.66012,41.408924,11.662816,95.78005,138.83934,67.95187,58.9536,74.05681,61.353794,126.357475,542.30945,46.846165,126.55722,105.22237,75.66544,251.1051,50.36626,46.02657,55.35789,191.05763,162.20685,159.33931,96.45017,42.41691,40.50408,88.58426,112.74109,104.46231,18.204952,34.63669,53.63362,75.232315,101.61265,48.414577,54.949066,68.57597,159.0905,178.21884,73.00279,41.76409,245.59138,73.93233
2017-06-13,156.81668,156.11131,46.083363,37.963688,22.664463,96.026344,110.00572,34.62298,52.17529,41.495457,11.886646,96.265396,139.8643,68.10237,59.67174,74.30684,61.5652,125.7902,545.3832,46.959366,128.02127,105.189026,75.702705,253.0025,50.60037,46.357216,55.544285,192.59999,163.1472,159.92482,97.28901,42.87312,40.88493,88.97906,113.803215,105.28044,18.370579,34.88116,53.932537,75.35421,103.95712,49.08727,55.540833,69.39271,160.37007,180.58902,73.23864,42.380707,247.6276,74.827576
2017-06-14,158.40015,156.39853,46.19391,38.65671,22.620203,96.41097,110.205696,34.427486,52.6296,41.6013,12.353896,96.830666,140.56541,68.08534,60.15673,74.61664,61.672333,125.1663,547.2255,46.960026,129.90639,105.30894,75.659546,254.6506,50.831078,46.612896,56.098503,193.23662,163.78777,160.16257,97.85333,43.191837,40.98085,89.1286,114.32121,105.65968,18.514605,35.047943,54.17749,75.40727,105.47144,49.59565,55.619537,69.97277,161.5137,182.05391,73.63423,42.60532,250.86646,75.29273
2017-06-15,159.56252,156.5647,46.225605,39.161957,21.786121,96.60146,110.30656,34.25344,52.841698,41.60099,12.637048,97.232254,140.66748,68.08973,60.225662,74.78829,61.712044,124.67729,548.2561,46.90247,131.26974,105.38569,75.66804,255.35548,50.967037,46.72318,56.461662,193.1601,164.0341,160.16226,98.04218,43.411667,40.935535,89.280426,114.55044,106.02467,18.602262,35.0819,54.24213,75.49142,106.301056,49.862537,55.4538,69.95134,162.23872,183.0056,73.94688,42.61707,253.49297,75.24012
2017-06-16,159.8868,156.46443,46.079174,39.449875,20.010733,96.50009,110.44202,34.02687,52.80592,41.516476,12.575452,97.452156,140.34317,68.046974,59.719868,74.67717,61.61931,123.962074,547.4092,46.73577,130.4662,105.369865,75.6564,255.09148,50.917145,46.744255,56.437157,191.81902,163.57059,159.85065,97.902855,43.521767,40.82202,89.55534,114.5951,106.44709,18.627337,35.004635,54.151203,75.64584,106.53167,49.945675,55.120636,69.35822,162.48856,183.09665,74.11321,42.4559,254.35349,74.67984
2017-06-19,159.16937,156.00159,45.799294,39.36773,19.786701,96.07319,110.54105,33.680473,52.52411,41.369694,12.182727,97.33152,139.50854,67.95732,58.746647,74.10549,61.448975,123.03111,544.2123,46.444527,128.85663,105.20356,75.64472,254.28127,50.64718,46.679382,55.934822,189.53908,162.4247,159.22652,97.54169,43.508698,40.67144,89.97267,114.510345,106.93779,18.589186,34.82169,53.936195,75.84836,106.2725,49.92089,54.72335,68.44311,162.30545,182.9069,74.04717,42.23388,252.90189,73.763145
2017-06-20,159.92719,156.1995,46.20119,39.626534,20.380634,96.269104,110.00635,33.59129,52.876003,41.470318,12.245831,97.73154,140.27965,68.115845,59.332817,74.3249,61.570206,123.01796,544.7604,46.564934,131.33826,105.20259,75.70663,256.77167,50.87761,46.924507,56.150604,191.12373,163.13622,159.71422,98.029396,43.78897,40.925114,89.980835,114.98396,107.17,18.696278,34.961575,54.123642,75.758064,108.06997,50.29656,55.316338,68.893196,163.06604,183.47787,74.413956,42.320618,254.29245,74.52224
2017-06-21,160.75037,156.72032,46.296867,39.97244,20.88075,96.22737,110.27023,33.668648,53.128292,41.577515,12.35559,98.023125,140.65927,68.11823,59.641724,74.583565,61.602463,123.38502,545.7492,46.62905,132.98216,105.37481,75.68098,258.76447,51.112488,47.05753,56.306084,191.90543,163.4366,159.95407,98.34047,43.94537,40.954662,89.85298,115.04409,107.11324,18.795525,35.06206,54.307312,75.663284,109.21909,50.540913,55.47707,69.2217,163.88206,183.89258,74.89531,42.168873,256.98782,74.86373
2017-06-22,161.41692,156.90825,46.222443,40.16538,20.749325,96.08545,110.4041,33.70467,53.132874,41.56913,12.386643,97.75961,140.6278,68.128136,59.538322,74.66821,61.53328,124.000885,547.95294,46.59662,133.62024,105.48292,75.677475,260.0258,51.21173,47.054638,56.253025,191.97174,163.348,159.91052,98.29585,44.01808,40.87039,89.79742,114.86434,107.17985,18.837805,35.05421,54.325794,75.62873,109.76126,50.607918,55.383495,69.011795,164.40181,183.85172,75.27662,41.915623,259.16086,74.66107
2017-06-23,161.86357,156.71622,45.925896,40.00753,20.859661,95.80067,110.51444,33.5568,52.878616,41.471653,12.2221155,97.3819,140.06282,68.07906,58.98269,74.47528,61.31731,124.992584,550.6741,46.43958,132.51936,105.459854,75.64308,260.29465,51.121445,46.92889,56.101055,191.05267,162.86465,159.57524,97.97482,43.972767,40.736626,89.92545,114.5301,107.41355,18.81963,34.96145,54.17845,75.66266,109.757286,50.54064,55.134544,68.388336,164.57733,183.32967,75.48847,41.636837,259.68002,73.971855
2017-06-26,161.68172,156.08067,45.40795,39.581207,20.727768,95.53775,110.62696,33.247635,52.413338,41.29791,11.825927,97.04971,138.97264,67.99348,58.01303,73.886795,61.03295,125.656685,551.14294,46.178734,130.34114,105.261566,75.599945,259.56058,50.84136,46.71584,55.93008,189.03835,161.88702,158.94148,97.43421,43.832882,40.575527,90.25925,114.218025,107.80066,18.751583,34.768703,53.922264,75.752075,109.32843,50.40227,54.76457,67.293846,164.44818,182.56749,75.47705,41.35309,257.9825,73.04797
2017-06-27,163.07323,156.10783,45.659836,39.44668,20.879505,95.97735,110.0679,33.22551,52.604317,41.367397,11.939945,97.353325,139.37677,68.141556,58.571617,73.93628,61.09921,127.025055,555.02563,46.333164,132.36879,105.243835,75.64195,261.46387,51.172466,46.78823,56.418724,190.82611,162.70595,159.22966,97.82638,44.075005,40.80032,90.21046,114.40269,107.88088,18.833858,34.946407,54.08136,75.55949,110.67928,50.68879,55.365913,67.605675,165.2071,182.79515,75.857994,41.352367,259.16394,73.78959
2017-06-28,164.27913,156.3813,45.736526,39.61967,21.122576,96.12206,110.29744,33.307587,52.78473,41.44838,12.173045,97.65253,139.64296,68.11503,58.814846,73.96252,61.10267,127.89536,557.5192,46.376892,132.04094,105.3795,75.59013,262.68524,51.405697,46.82811,56.73801,191.72675,163.1255,159.26736,98.0156,44.226288,40.817997,90.00682,114.18073,107.722084,18.909363,35.041985,54.255417,75.38978,111.51578,50.907887,55.49796,68.036,165.93805,183.03474,76.29573,41.16386,261.64355,74.1175
2017-06-29,165.03673,156.28668,45.707623,39.807713,21.196692,96.08389,110.43009,33.3291,52.808544,41.422363,12.3008375,97.78731,139.5374,68.0985,58.676296,73.78536,61.05833,128.23038,558.8694,46.306263,131.05977,105.41742,75.581894,263.1185,51.40361,46.832584,56.859024,191.89825,163.00241,159.03423,97.893906,44.33175,40.740208,89.90287,113.83615,107.73341,18.934826,35.0751,54.323727,75.342705,111.84629,51.027992,55.384144,68.20053,166.39189,183.06845,76.54469,40.910934,263.6442,74.043755
2017-06-30,165.16733,155.81946,45.50298,39.991993,21.103062,95.776566,110.57139,33.217037,52.74245,41.29032,12.207264,97.70776,138.94101,68.018654,58.07057,73.19746,60.94593,128.05634,558.48773,46.090096,128.44887,105.305756,75.55484,262.60526,51.157806,46.846542,56.581684,191.00134,162.22359,158.54561,97.544075,44.35164,40.635624,89.97765,113.4401,108.00482,18.906342,35.017143,54.255035,75.441,111.7801,51.059025,55.13211,68.02566,166.51553,182.98636,76.579445,40.66732,264.0652,73.527435
2017-07-03,164.33461,155.1985,45.425617,40.17636,21.16841,95.19338,110.872604,32.938065,52.414013,41.127617,12.191625,97.63492,138.36194,67.94307,56.521786,72.194534,60.85994,127.51873,553.90393,45.96546,130.2889,105.31788,75.59707,261.93933,50.924538,46.699074,56.893795,186.74641,160.34319,157.45427,97.04665,44.11842,40.33811,89.68298,112.72923,107.97478,18.843561,34.663826,54.10193,75.37269,110.74815,50.859726,54.65046,66.961555,165.5346,182.38838,76.2613,40.285236,258.74548,71.70069
2017-07-04,164.59012,155.72562,45.918507,40.53626,21.731441,96.11959,109.71217,32.879997,53.034676,41.314518,12.6308,98.34093,140.5963,68.0002,57.90661,71.7639,61.354298,127.999084,556.0018,46.247913,131.62141,105.30532,75.61431,264.0126,51.270325,47.11046,57.19862,191.04608,161.83473,158.51393,98.49211,44.56508,41.08067,90.61923,114.4436,109.68389,18.892794,35.151295,54.549538,75.536674,112.62147,51.604183,56.093513,69.21327,166.95354,184.3763,76.42549,41.40597,260.88467,74.549484
2017-07-05,165.00226,156.54538,46.13403,40.941666,21.99537,96.38677,110.05982,32.851223,53.436733,41.44322,13.02583,98.855705,141.34529,67.956314,58.789062,71.56257,61.54344,128.24829,557.46173,46.339344,131.72151,105.622185,75.57183,265.14017,51.37131,47.312084,57.412945,192.77728,162.88544,159.31578,99.62279,44.919956,41.474022,91.32379,115.94791,111.10917,18.922712,35.49665,55.018723,75.97067,113.72117,52.14809,56.64983,71.5611,168.08896,186.39244,76.65811,42.490005,265.5052,76.90643
2017-07-06,165.1323,156.76161,46.196564,41.088314,22.037603,96.45657,110.2184,32.737263,53.569664,41.43865,13.177672,98.93742,141.67216,67.92657,59.109913,71.407364,61.664272,128.42838,558.4886,46.27827,131.45866,105.71163,75.54725,265.42862,51.25041,47.320816,57.535908,193.66368,163.22571,159.68102,100.16961,45.156994,41.54935,92.003365,117.29703,112.39573,18.910336,35.622406,55.229733,76.32103,114.10955,52.46951,56.759583,73.13302,168.76466,188.11092,76.69242,43.3342,269.68216,78.3283
2017-07-07,164.77492,156.69443,46.047596,40.913635,21.924786,96.044235,110.3833,32.49083,53.494392,41.327595,13.058439,98.74105,141.39835,67.854576,58.78871,71.15538,61.596733,128.32185,557.877,46.05617,130.41495,105.6268,75.49136,264.58685,50.901875,47.223175,57.408226,193.15485,162.6749,159.6262,100.26839,45.239475,41.501392,92.6807,118.35703,113.47493,18.855492,35.60473,55.245995,76.66589,113.96405,52.58942,56.57572,73.64328,168.88991,189.16171,76.56641,43.866825,272.0405,78.81777
2017-07-10,163.73639,156.29486,45.73279,40.401424,21.694132,95.42433,110.4758,32.259975,53.235493,41.14099,12.693381,98.56497,140.72894,67.76387,57.98652,70.715385,61.415455,128.02202,556.04193,45.703278,128.36218,105.37561,75.42545,262.82764,50.448982,47.058212,56.997993,191.60773,161.63133,159.23581,100.02491,45.174477,41.374355,93.39208,119.372185,114.304214,18.77182,35.49821,55.108982,77.00428,113.44927,52.575195,56.225098,73.14897,168.59299,189.29562,76.31075,44.10272,271.9923,78.5934
2017-07-11,164.26308,156.46672,46.071224,40.234455,21.86528,95.816246,109.91534,32.498783,53.556747,41.229347,12.641385,98.61968,141.52708,67.92769,58.73139,70.889305,61.554768,128.55518,557.90497,45.804035,130.9369,105.29401,75.44279,263.90125,50.636566,47.185,57.001854,193.81673,162.18088,159.9318,100.547646,45.456882,41.646626,93.684814,120.61101,114.800575,18.85462,35.662766,55.29037,77.03872,114.40704,52.910614,56.864124,73.601234,169.09222,190.14525,76.389046,44.61818,274.90073,79.81075
2017-07-12,164.91092,156.8996,46.16154,40.359135,22.045385,95.84544,110.18408,32.938126,53.76575,41.32481,12.767935,98.828476,141.861,67.92324,59.243996,71.187645,61.61839,129.05316,558.71857,45.827744,132.21202,105.43305,75.36629,264.50592,50.83106,47.254562,57.149975,194.87581,162.50786,160.2248,100.87369,45.610466,41.685844,93.792496,121.25314,114.94407,18.940123,35.765003,55.465057,77.04557,114.98279,53.12834,56.97193,73.92415,169.66386,190.71701,76.57499,44.756878,278.9636,80.50062
2017-07-13,165.39394,156.9575,46.147495,40.58262,22.155424,96.02276,110.28347,33.47975,53.760372,41.30852,12.795303,98.994026,141.83,67.91795,59.50485,71.47196,61.647243,129.56056,558.96216,45.790443,132.80289,105.452866,75.34687,264.8255,50.91194,47.225918,57.336353,195.13158,162.57043,160.22221,100.86138,45.70188,41.59841,93.89186,121.60513,115.097,18.988375,35.76984,55.506176,77.07953,115.04947,53.183235,56.82547,73.88587,170.0035,191.37833,76.75948,44.729183,282.3456,80.60105
2017-07-14,165.34988,156.77017,45.953083,40.652115,21.751152,96.14416,110.40121,33.947742,53.586327,41.207882,12.712326,99.06426,141.4803,67.87087,59.352848,71.4282,61.566433,129.75,558.0653,45.635216,132.2749,105.38525,75.32264,264.49902,50.801857,47.14002,57.39981,194.35315,162.09485,159.90324,100.58208,45.709843,41.458145,94.10089,121.718094,115.38252,18.989769,35.698536,55.41788,77.187836,114.762825,53.133068,56.547512,73.45381,170.01022,191.3154,76.85017,44.56669,283.902,80.157455
2017-07-17,164.74806,156.31418,45.629623,40.382645,21.568584,96.05207,110.51645,34.286636,53.197685,41.040466,12.542638,98.81985,140.7478,67.79551,58.816322,71.14349,61.359493,129.62183,556.1055,45.387585,125.39116,105.17602,75.30835,263.42395,50.559025,46.98351,57.209373,192.63689,161.15584,159.29243,100.1298,45.665382,41.299973,94.46365,121.78638,115.73178,18.943796,35.55115,55.22912,77.36486,114.22974,53.01123,56.203533,72.70698,169.72446,190.72559,76.82977,44.34596,283.08737,79.4399
2017-07-18,165.78258,156.38678,45.98534,40.392372,21.904327,96.40014,110.0156,34.728897,53.40906,41.141457,12.710492,98.75026,141.407,67.96416,59.688393,71.28925,61.409966,130.09892,557.97394,45.58907,125.80646,105.16975,75.378105,265.14014,50.92162,47.103962,57.53224,194.39441,162.08257,159.74191,100.5099,45.99326,41.546215,94.50259,122.22831,116.11723,19.044178,35.68465,55.359837,77.295654,115.07309,53.275948,56.836876,73.15185,170.22836,190.97603,77.11257,44.475826,285.18475,80.313286
2017-07-19,166.75092,156.69138,46.100975,40.56008,21.9075,93.58499,110.24055,35.17477,53.555412,41.262524,13.032512,98.77269,141.60643,67.95586,60.23444,71.55761,61.387627,130.21408,558.4545,45.72075,126.74063,105.324135,75.36549,265.98254,51.26766,47.13179,57.89245,195.22069,162.73558,159.83293,100.72661,46.224796,41.575504,94.414215,122.257744,116.25829,19.14635,35.758316,55.504253,77.2148,115.60423,53.454445,56.94762,73.559944,170.86285,191.50923,77.40952,44.335056,288.43277,80.70307
2017-07-20,167.44565,156.76932,46.097263,40.693,21.926792,91.05839,110.351006,35.482235,53.555645,41.274002,13.28092,98.57446,141.25525,67.95817,60.462166,71.70202,61.317913,130.17668,558.73,45.767372,127.93217,105.40339,75.38208,266.07028,51.488266,47.0625,58.19158,195.39015,162.81427,159.6221,100.652756,46.389637,41.495914,94.36358,122.14898,116.5209,19.207302,35.63468,55.525524,77.19364,115.64704,53.499516,56.742737,73.567696,171.31024,192.88832,77.69693,44.14393,291.02707,80.606964
2017-07-21,167.62383,156.5978,45.906143,40.61699,21.894306,89.446045,110.48872,35.625183,53.391495,41.208057,13.323782,98.00493,140.54599,67.90472,60.21437,71.540405,61.146294,129.81888,558.36346,45.699276,127.845146,105.37002,75.39123,263.73886,51.528297,46.900364,58.32822,194.687,162.16902,159.14404,100.35096,46.473747,41.371185,94.45385,121.99105,117.14203,19.212534,35.47034,55.43775,77.26703,115.380646,53.457832,56.48036,73.24929,171.45482,193.02837,77.836464,43.937733,291.85455,80.09204
2017-07-24,167.13678,156.08177,45.520622,40.231544,21.671421,88.49532,110.60111,35.562065,53.021973,41.07766,13.128431,97.2883,139.4202,67.81882,59.47774,71.203674,60.83416,129.28879,556.9333,45.496998,126.0959,105.19498,75.39242,259.72543,51.34181,46.71389,58.217995,193.00128,161.02809,158.41182,99.739624,46.45664,41.220615,94.71709,121.87067,117.66762,19.161966,35.310493,55.262264,77.41298,114.864685,53.37902,56.124477,72.52297,171.31775,192.11124,77.90021,43.734924,290.38104,79.287056
2017-07-25,168.09866,156.25378,45.743702,40.172703,21.455486,88.31177,110.08922,35.627407,53.19936,41.20352,13.265291,97.43615,139.66766,67.97239,60.261086,71.49777,60.821507,129.68068,559.10516,45.70835,127.51431,105.23308,75.46525,258.51566,51.7019,46.85144,58.427757,194.66052,161.66196,158.71387,99.93948,46.749622,41.465973,94.68715,122.15092,117.95393,19.2403,35.41389,55.398335,77.32558,115.63001,53.672413,56.74681,72.94106,171.88087,191.81792,78.24887,43.856358,291.90814,80.12348
2017-07-26,168.97014,156.62662,45.73633,40.521347,21.460247,88.24362,110.33927,35.78604,53.37225,41.31301,12.946015,97.809685,139.7837,67.96414,60.827827,71.69702,60.3226,129.93396,560.3129,45.843407,127.57479,105.428535,75.44152,257.4173,52.05369,47.005745,58.54686,195.27025,160.75449,158.80089,99.99321,46.934155,41.50197,94.53407,122.0476,117.9626,19.269312,35.505634,55.562412,77.234085,116.13126,53.893417,56.880238,73.33499,172.55647,191.62553,78.663635,43.730236,294.6305,80.561226
2017-07-27,169.16927,156.23927,45.665615,40.97014,21.449997,88.231346,110.45934,35.77366,53.393337,41.30243,12.887244,97.8757,139.5689,67.96092,61.153248,71.67085,59.924038,130.00856,560.76715,45.88785,119.60553,105.55171,75.442474,256.10822,52.28892,47.080463,57.07222,195.25502,159.24683,158.2243,99.77383,47.050407,41.430553,94.439384,121.72111,118.114044,19.330288,35.509544,55.5816,77.23061,116.18321,54.06782,56.756516,73.43645,172.99834,191.30556,78.94357,43.465637,296.7677,80.540474
2017-07-28,168.38177,155.20927,45.406307,41.182274,21.172722,87.95045,110.58311,35.58616,53.223194,41.210827,12.851856,97.55494,138.8867,67.89903,60.972717,71.39451,59.495304,129.88977,559.70715,45.797245,117.000404,105.562874,75.41623,254.26991,52.319347,47.04653,55.373558,194.09009,157.54636,157.51744,99.31984,47.0373,41.30072,94.508865,121.48814,118.60213,19.34956,35.410217,55.49162,77.309135,115.940834,54.125652,56.427734,73.137764,173.04485,190.62584,79.03926,43.12787,297.2473,80.08256
2017-07-31,166.8661,154.33022,44.99103,41.050556,19.824247,87.7293,110.64763,34.866844,52.780983,41.05563,12.790865,96.955376,137.98224,67.81035,60.282322,70.90174,59.098778,129.24347,556.8814,45.58917,116.02408,105.42027,75.386055,251.74426,52.14628,46.942326,53.9185,191.9663,155.73112,156.68437,98.71171,46.95249,41.14643,94.73239,121.417755,119.15524,19.323614,35.255833,55.304127,77.45752,115.47418,54.102024,56.04277,72.521576,172.77017,189.61617,79.04001,42.79155,295.5259,79.31944
2017-08-01,166.75874,154.52805,45.477657,41.393314,19.469471,88.30545,110.37859,34.45293,52.686516,41.172043,13.546157,97.236664,138.79573,67.98595,60.498493,70.79561,59.289543,129.59581,554.35376,45.965153,123.132324,105.74679,75.491554,253.29303,52.624733,46.959,54.003185,190.27617,155.26382,156.58665,98.98188,46.95354,41.195686,94.02976,121.17289,118.97692,19.418648,35.133327,55.476105,77.131004,115.602776,54.21352,56.46325,72.52416,172.3148,189.43973,79.14068,42.567383,293.29907,78.99844
2017-08-02,165.57632,154.71593,45.67822,41.30267,20.111954,88.49438,110.11047,34.337143,52.925083,41.01786,14.320781,97.85887,140.73192,67.831154,61.5457,70.70926,59.257675,130.28452,552.7225,45.94547,126.93683,105.79186,75.415726,254.67497,52.26411,46.995106,54.17219,192.63075,156.01872,157.89178,96.08462,46.491493,39.664207,92.89497,118.25496,116.2862,19.131845,33.78298,54.710346,75.677216,114.563675,52.019005,55.875397,70.9313,171.34155,180.8955,78.80052,40.311115,292.58157,80.034424
2017-08-03,165.15192,155.15363,45.674145,41.395695,20.524738,88.99621,110.0608,34.023598,52.859684,41.158726,14.623579,97.22853,141.2256,67.78722,62.238647,70.99287,59.325066,130.22269,551.3413,45.984222,125.33787,106.06757,75.45023,254.21233,52.183773,47.068634,54.059322,193.28287,156.92702,157.88802,96.5687,46.438828,40.005272,93.03918,119.19688,116.557144,18.956835,34.044197,54.666187,75.494385,114.285835,52.157387,56.43984,72.14749,169.72375,181.10466,78.95702,40.81567,300.57474,82.21562
2017-08-04,164.38841,155.49704,45.51382,41.302876,20.385933,89.20949,110.22166,33.80424,52.60552,41.215153,14.538257,97.116905,141.09837,67.808556,62.33057,71.126785,59.37627,129.62654,549.9361,45.727177,124.663414,106.1034,75.348236,253.18811,52.01539,47.008884,53.997295,192.66444,157.11446,157.98639,97.48505,46.65619,40.674305,93.95067,120.99214,118.09262,18.950083,34.479435,55.0731,76.38317,115.13328,52.831367,56.918697,73.46467,170.4757,183.49068,79.09212,42.06934,305.47433,83.64162
2017-08-07,163.28966,155.3349,45.030067,40.985985,20.399456,89.3641,110.42064,33.650635,52.115555,41.169212,14.240746,97.11258,140.48582,67.85289,61.90522,70.947525,59.262466,128.80807,546.26984,45.37979,122.469505,105.91983,75.185844,251.40587,51.70111,46.893616,53.99239,191.956,156.36833,157.72935,98.20105,46.865837,41.079056,95.07246,122.942665,119.74438,18.946201,34.760036,55.258556,77.07415,115.17303,53.482677,57.022026,74.126274,170.89932,186.15402,79.072205,43.341354,306.78827,84.25371
2017-08-08,163.8985,155.76988,45.21756,40.93632,20.725315,89.60525,109.83406,33.714066,52.320972,41.34643,14.38535,97.514534,141.67523,68.10136,62.924145,71.328156,59.49665,129.06975,545.9975,45.498257,123.91698,105.91213,75.09346,252.3213,51.945015,47.059906,54.07431,194.80411,157.42323,158.52975,99.5351,47.43153,41.73097,95.85779,125.18975,121.23316,19.098936,35.24743,55.63564,77.41585,116.41484,54.394127,57.991707,75.67409,171.98552,189.28935,79.344315,44.741024,310.24615,86.01437
2017-08-09,164.5691,156.33742,45.20624,41.113155,20.70414,89.707466,110.062515,33.893227,52.476574,41.51756,14.610104,97.9018,142.33014,68.15155,63.555656,71.75926,59.592724,129.50551,545.1273,45.567104,125.20827,106.06661,74.928795,252.5924,52.188866,47.145714,54.40571,196.43764,158.2189,158.91672,100.52973,47.83977,42.001667,96.38786,126.65762,122.23096,19.245056,35.56326,55.950764,77.65226,117.20504,55.069687,58.285255,76.78481,172.9988,191.67671,79.73091,45.549427,314.2966,86.911026
2017-08-10,165.00291,156.56302,45.18541,41.211067,20.533428,89.7544,110.16887,34.04419,52.492943,41.55696,14.731308,98.17443,142.38327,68.19025,63.74726,72.32884,59.569794,129.72707,544.05524,45.554703,125.118324,106.15236,74.80186,252.03084,52.15799,47.10825,54.65903,197.0187,158.31639,159.00389,100.987816,48.122627,42.04962,96.81643,127.71475,123.088974,19.337164,35.712925,56.073227,77.86425,117.41565,55.50949,58.191547,77.17199,173.68504,193.15764,80.0242,45.957584,317.2519,87.05121
2017-08-11,164.7086,156.47044,44.98649,41.05075,20.20705,89.42342,110.268875,34.07525,52.32113,41.502514,14.615018,98.253624,141.80025,68.16329,63.408577,72.53759,59.400368,129.38913,541.6962,45.414597,123.32367,106.12112,74.678,249.96794,51.94655,46.967297,54.629192,196.02957,157.66095,158.75093,101.00413,48.25636,41.984333,97.23489,128.3889,123.82848,19.367104,35.728924,56.039185,78.07443,117.25996,55.756485,57.84952,76.81871,173.97935,193.86635,80.17912,46.11578,318.16647,86.60442
2017-08-14,163.64519,156.02882,44.63841,40.604576,19.88922,88.77979,110.36394,33.9823,51.960663,41.367508,14.204712,98.07452,140.70233,68.08927,62.53472,72.40808,59.093018,128.402,537.64215,45.16119,121.2033,105.95116,74.56973,246.73601,51.67346,46.75966,54.284107,193.73094,156.5044,158.14796,100.735115,48.245087,41.8581,97.69223,129.0736,124.44527,19.3403,35.660286,55.86954,78.29449,116.82321,55.84693,57.40997,75.9434,173.9291,193.86465,80.1798,46.055145,316.5986,85.67366
2017-08-15,164.09854,156.19185,44.939175,40.50272,19.84264,88.72186,109.791695,34.08211,52.26777,41.468838,14.23613,98.12982,141.15614,68.2459,63.18241,72.793304,59.20445,128.22023,537.94183,45.378506,123.093704,105.98128,74.54786,246.49988,52.080692,46.874844,54.3763,195.33475,157.50468,158.58482,101.20439,48.575916,42.127296,97.870316,129.9951,124.87403,19.44676,35.841293,55.96492,78.269,117.48257,56.236248,58.01943,76.160385,174.4477,194.70064,80.44006,46.311573,318.1946,86.47187
2017-08-16,164.60484,156.58197,44.983513,40.80257,19.89118,88.59099,110.043304,34.276947,52.557747,41.575336,14.391446,98.33559,141.3989,68.229645,63.55548,73.145096,59.255676,128.13496,537.99225,45.508152,121.527336,106.19127,74.47892,245.9473,52.50035,46.982616,54.4994,195.93141,158.39479,158.77736,101.505005,48.755047,42.181004,97.89282,130.30328,124.9572,19.548473,35.967213,56.097214,78.23836,117.97457,56.51348,58.13755,76.23468,175.04211,195.35744,80.782005,46.238262,320.99698,86.782364
2017-08-17,164.95125,156.70444,44.956154,41.120216,19.889393,88.46001,110.15332,34.45279,52.6574,41.57801,14.425705,98.437035,141.23553,68.2342,63.625862,73.439575,59.23111,127.91716,537.7783,45.57377,123.824585,106.362404,74.450645,245.45235,52.784584,47.01438,54.458004,195.80354,158.89476,158.7436,101.485725,48.862816,42.10395,97.90652,130.2795,125.04557,19.603907,35.987183,56.116974,78.26277,117.99276,56.655937,58.00385,76.01704,175.45233,195.62386,81.04559,46.03243,323.17996,86.73592
2017-08-18,164.68024,156.47395,44.77858,41.085155,19.757336,88.0669,110.26216,34.520683,52.489285,41.50501,14.339797,98.43126,140.522,68.190575,63.326233,73.56656,59.066593,127.2597,536.03876,45.48732,124.323616,106.428276,74.418144,244.31795,52.836674,46.95081,54.181976,195.06058,158.72414,158.42674,101.19522,48.871613,41.976524,98.01613,130.1638,125.209015,19.609053,35.908344,56.02638,78.33554,117.734726,56.6888,57.697132,75.41503,175.5651,195.60616,81.19132,45.747845,323.60593,86.25434
2017-08-21,163.56918,155.79092,44.41238,40.630005,19.36656,87.41788,110.38083,34.44874,52.07602,41.36437,14.038112,98.28765,139.2132,68.11059,62.584305,73.251785,58.73113,126.13204,532.555,45.245586,123.750755,106.311295,74.37483,242.06429,52.59316,46.785465,53.601273,193.31042,157.86234,157.80966,100.703125,48.77622,41.811024,98.24749,129.98555,125.4202,19.5676,35.75007,55.831387,78.44646,117.22561,56.604652,57.295025,74.53246,175.38567,195.23853,81.1285,45.412525,321.73657,85.42228
2017-08-22,163.88799,155.78375,44.572945,40.43399,19.258455,87.139496,109.87071,34.448116,52.2736,41.463116,14.144325,98.40635,139.33371,68.26443,63.32778,73.41454,58.756172,125.615456,533.08344,45.395058,126.06731,106.33591,74.37174,242.38689,52.888947,46.883663,53.346302,194.93716,158.7558,158.12752,101.03108,49.040478,42.036617,98.23708,130.20941,125.70261,19.655432,35.853077,55.917225,78.35255,117.76133,56.80971,57.91062,74.79119,175.71434,195.56903,81.38093,45.4581,323.1338,86.227875
2017-08-23,164.25716,156.1284,44.47468,40.498074,19.221731,86.94583,110.12115,34.502705,52.43434,41.567284,14.292164,98.67351,139.31252,68.25343,63.83257,73.75761,58.754242,125.22706,533.40784,45.466507,127.02514,106.502014,74.309814,242.36685,53.195583,46.903828,53.21774,195.55121,159.44498,158.24406,101.216736,49.192158,42.066864,98.137245,130.10463,125.63119,19.743423,35.930656,56.055603,78.2337,118.17982,56.97582,58.00608,75.059814,176.15979,196.01463,81.7714,45.27826,325.706,86.61487
2017-08-24,164.4718,156.22134,44.334263,40.559994,19.057272,86.78808,110.246574,34.5431,52.43975,41.57262,14.4309225,98.464836,138.98273,68.25489,64.02026,73.9786,58.676716,124.89272,533.6113,45.45475,126.331635,106.57605,74.28124,241.6683,53.4158,46.853405,53.14328,195.2813,159.60948,158.1409,101.114075,49.278694,41.97622,98.05055,129.86336,125.600975,19.78861,35.922176,56.08249,78.18873,118.15598,57.01108,57.8425,75.05738,176.46942,196.03224,82.085266,45.008488,327.6542,86.518005
2017-08-25,164.17252,155.99904,44.049755,40.518166,18.706688,86.552765,110.369576,34.472984,52.275124,41.504406,14.404167,98.17813,138.32347,68.20197,63.8191,73.99161,58.481686,124.40184,532.87866,45.26362,125.10275,106.48738,74.25369,240.38261,53.416515,46.762962,52.93405,194.04382,159.13405,157.80139,100.76999,49.29177,41.842613,98.077644,129.60677,125.66577,19.788103,35.83115,56.008167,78.23637,117.870735,56.95726,57.513565,74.738785,176.54222,195.69463,82.29759,44.701126,327.90976,86.00914
2017-08-28,163.2886,155.4831,43.61282,40.287266,18.502365,86.25772,110.48596,34.373997,51.927288,41.3759,14.224551,97.58332,137.3586,68.12262,63.1702,73.73567,58.2242,123.63163,530.9569,44.880558,123.50086,106.200485,74.233864,238.33914,53.19783,46.647366,52.497063,191.92093,158.088,157.19678,100.281815,49.232033,41.68884,98.23673,129.46341,125.9078,19.745493,35.685802,55.855114,78.36356,117.39172,56.863228,57.113724,74.08355,176.36325,194.96121,82.35106,44.39706,325.95404,85.293945
2017-08-29,163.92358,155.61815,43.793747,40.37321,18.703508,86.48414,109.9091,34.404854,52.1499,41.47856,14.513914,97.106514,137.82683,68.29163,63.94179,74.12233,58.358437,123.44052,532.6672,44.873875,124.28109,106.082825,74.26367,239.06909,53.501343,46.79416,52.428547,192.60686,158.60246,157.4592,100.64329,49.4749,41.920654,98.17837,129.65979,125.93445,19.820389,35.802303,55.975986,78.297264,117.89477,57.077682,57.69231,74.49392,176.66559,195.2355,82.624725,44.459743,327.29013,86.17481
2017-08-30,164.55054,155.84312,43.761833,40.51342,18.874352,86.70792,110.18095,34.45986,52.27496,41.579906,14.621529,96.84507,137.73253,68.27628,64.38459,74.503624,58.30485,123.4225,533.3401,44.791176,124.9309,106.10496,74.22884,239.30336,53.752476,46.810734,52.368935,192.38168,158.79663,157.55434,100.85816,49.596996,41.947414,98.03362,129.48862,125.78277,19.894396,35.887688,56.125206,78.18627,118.315765,57.21297,57.800774,74.803215,177.05717,195.46115,82.98889,44.28255,329.74826,86.55448
2017-08-31,165.01018,155.79576,43.608753,40.615135,18.903442,86.593895,110.34403,34.565483,52.222546,41.569016,14.536621,96.29043,137.31557,68.27561,64.51075,74.722404,58.241753,123.76374,533.7689,44.61823,125.225586,106.06551,74.216965,239.0418,53.866158,46.74718,52.455093,191.64067,158.65973,157.36363,100.77314,49.632378,41.851593,97.900085,129.33603,125.686615,19.925222,35.89584,56.171646,78.144104,118.27571,57.23546,57.642,74.724304,177.28386,195.453,83.260544,44.031326,331.58057,86.431274
2017-09-01,164.86856,155.67537,43.619663,40.80202,19.015797,86.47046,111.00509,34.639545,51.75374,41.502514,14.570486,96.468605,136.92543,68.26289,63.693275,74.389046,58.32604,124.80641,531.19666,44.517487,127.858345,106.21194,74.27314,239.6816,54.018368,46.498596,53.3353,187.9258,157.3956,156.59729,100.48901,49.438103,41.560272,97.31353,128.60748,125.22079,19.923912,35.607956,56.176243,77.96222,117.5529,57.018265,57.203236,73.694176,176.54889,194.99232,83.250854,43.59199,327.97968,84.80768
2017-09-04,163.29495,155.10861,43.476105,40.204594,19.252981,86.06899,109.84472,34.675774,51.397625,41.09759,14.623808,97.54432,137.04951,68.05057,63.634678,73.54925,58.09887,126.06222,530.4035,44.037956,128.80423,105.86595,74.265594,239.15295,53.202263,46.30375,53.69803,188.6505,156.93295,157.10121,97.23144,48.862034,40.054024,96.64759,125.8288,122.891464,19.55204,34.183033,55.200455,76.914154,115.95388,54.71959,56.168514,71.09921,175.55302,186.29767,82.69489,41.57886,322.73132,84.69603
2017-09-05,162.7515,154.90266,43.514233,39.557083,19.33374,86.05265,109.81862,34.597702,51.05234,40.99566,14.609892,97.713905,136.69626,67.98761,64.003525,73.343994,58.089333,127.28234,531.04224,43.78002,129.43213,105.79907,74.320045,238.0,52.62827,46.20138,53.63631,189.70712,157.23311,157.41953,95.823265,48.44893,39.38265,96.09689,124.99219,121.21285,19.18816,33.604523,54.481598,75.9732,114.36187,53.372124,56.15344,70.48264,172.3744,181.4327,82.45035,40.82036,325.12964,86.016174
2017-09-06,163.33101,155.3986,43.750362,39.296925,19.292759,86.489044,109.63098,34.535164,50.955235,41.25362,14.608641,97.57656,136.92796,68.07973,64.968506,73.70048,58.417698,128.5678,534.39624,43.717533,130.70425,105.89106,74.347855,237.56506,52.76619,46.226196,53.493027,192.03062,158.19008,157.94804,97.11015,48.734493,40.38861,96.625046,127.00361,122.03842,19.192863,34.310493,54.974335,76.41254,115.75483,54.111668,57.442883,72.87731,172.39244,184.00372,82.65606,42.08324,332.84064,88.5296
2017-09-07,164.00203,155.82076,43.48047,39.10091,18.674074,86.58492,109.92107,34.502983,50.81726,41.412487,14.535118,97.56253,136.76793,68.11701,65.50001,73.88896,58.55852,129.47221,536.99817,43.561565,131.27055,105.9915,74.291435,236.73029,53.009666,46.121304,53.4299,192.72955,158.7611,158.17421,98.56679,49.213562,41.198456,97.479004,129.2586,123.608315,19.321594,34.987812,55.595024,77.237434,116.896324,55.117382,58.074093,75.54237,173.58812,188.32019,82.87604,43.579395,338.88904,90.0893
2017-09-08,164.48595,155.8,42.99625,38.7299,18.365446,86.416405,110.136856,34.44299,50.575436,41.428535,14.391253,97.57548,136.02397,68.116875,65.596535,73.99703,58.540684,129.94096,537.1598,43.363945,131.31516,105.99401,74.22529,235.25093,53.141808,45.89043,53.468838,193.69206,158.72252,158.01057,99.66599,49.64029,41.65524,98.3955,131.23431,125.28433,19.437504,35.42087,55.96352,77.91815,117.36448,55.930233,58.24279,77.36687,174.43895,192.09016,82.99493,44.804993,342.20413,90.77895
2017-09-11,164.56288,155.46643,42.383404,38.155773,18.157486,86.009766,110.30131,34.302143,50.22076,41.350117,13.945943,97.617325,134.82268,68.06321,65.25306,73.8772,58.36946,129.6054,534.8393,43.09936,131.36668,105.85789,74.16327,232.62306,53.102085,45.563736,53.34099,193.63956,158.2043,157.54555,100.32274,49.94841,41.852383,99.30462,132.80714,126.82351,19.50772,35.64442,56.130257,78.463806,117.38989,56.514084,58.100533,78.10228,174.88152,194.80972,83.01404,45.659336,342.42252,90.803856
2017-09-12,166.25787,155.80809,42.365784,38.06423,18.465609,86.40807,109.7859,34.429905,50.621674,41.49363,13.966693,97.941055,135.52913,68.24168,66.340744,74.39685,58.669662,129.74907,534.2571,43.32745,133.99164,105.879456,74.19245,233.22182,53.610954,45.5985,53.60173,197.28644,159.77065,158.12492,101.54663,50.553425,42.323475,99.88959,134.49852,128.15189,19.685715,36.029278,56.41899,78.66886,118.268005,57.25837,58.88559,79.43723,175.71732,197.54187,83.24406,46.63858,345.5346,92.14457
2017-09-13,168.08873,156.341,42.312096,38.424713,18.748392,86.77031,110.05784,34.79218,51.01684,41.628498,14.083016,98.46613,136.11162,68.23351,66.879395,74.97973,58.968582,129.3854,532.16187,43.534477,135.45726,106.05037,74.19117,233.79466,54.047245,45.67874,53.93583,199.7589,161.1811,158.3127,102.39294,50.957253,42.497143,100.26071,135.44844,129.05183,19.838951,36.280563,56.674988,78.77932,118.90181,57.810223,59.054222,80.30053,176.61261,199.40782,83.56263,47.117397,349.46985,92.81539
2017-09-14,169.74712,156.5219,42.189,38.782032,18.977734,86.673615,110.184006,35.07329,51.265263,41.62788,14.045507,98.7103,136.32057,68.230415,66.91187,75.16465,59.153217,128.76666,529.12555,43.644657,135.80215,106.13221,74.22717,234.13443,54.267273,45.75394,54.204,201.09344,161.97896,158.14774,102.72875,51.19297,42.487843,100.53261,135.90889,129.8263,19.92196,36.378838,56.782497,78.89378,119.02296,58.11922,58.93162,80.560555,177.19196,200.75253,83.72904,47.257126,352.409,92.87216
2017-09-15,170.76553,156.28033,41.929237,38.970177,18.823027,86.49687,110.31484,35.22126,51.292347,41.53946,13.868855,98.75121,135.86676,68.170425,66.3569,74.99756,59.18142,127.8503,524.5757,43.606552,134.50902,106.05588,74.253426,233.59917,54.260525,45.791748,54.184155,201.21695,161.97116,157.64336,102.661385,51.285355,42.39688,100.81127,136.13965,130.54886,19.945631,36.361317,56.773018,79.03727,118.84896,58.2576,58.61166,80.27138,177.39903,201.40211,83.79441,47.201206,353.33145,92.367386
2017-09-18,170.82014,155.58626,41.434322,38.80033,18.348995,86.20127,110.41291,35.22378,51.039204,41.394035,13.504522,98.53283,134.967,68.06378,65.3707,74.4319,59.041195,126.42001,518.7904,43.40836,131.91107,105.82515,74.266075,231.26869,54.029182,45.7477,53.919315,200.19565,161.1678,156.76712,102.37704,51.266834,42.257175,101.10703,136.20554,131.19202,19.923304,36.25175,56.681976,79.207306,118.4571,58.29154,58.109543,79.541985,177.28319,201.4894,83.69127,47.05193,351.73038,91.42294
2017-09-19,172.09433,155.63138,41.544502,39.023113,17.95206,86.36382,109.82363,35.465412,51.44711,41.487473,13.660073,98.71683,135.97258,68.19926,65.78851,74.51506,59.263924,125.66708,516.84814,43.632286,133.71127,105.79575,74.31814,231.8946,54.317944,46.013023,54.24004,202.6011,162.0931,156.90192,102.88548,51.575996,42.508293,101.18849,136.78206,131.70914,20.007534,36.403584,56.784286,79.19085,118.942795,58.595493,58.741005,79.98328,177.60301,202.35019,83.792496,47.39524,353.46735,92.13066
2017-09-20,173.0274,156.15147,41.5161,39.555862,17.421013,86.316864,110.16489,35.760384,51.842762,41.574753,13.890006,98.89999,136.82062,68.19087,65.77894,74.618416,59.433765,124.91056,514.6423,43.76193,133.42526,105.944305,74.31155,232.16267,54.589123,46.224182,54.58142,203.75996,162.63483,156.74606,103.17546,51.73529,42.571075,101.1622,136.85735,131.9008,20.084242,36.499237,56.92649,79.15246,119.37481,58.85244,58.857384,80.33519,178.06009,202.85121,84.0385,47.438103,356.27393,92.307045
2017-09-21,173.52144,156.38274,41.411224,40.03943,17.365637,86.16581,110.26561,35.906254,52.07574,41.55342,14.043124,98.940834,137.21089,68.187546,65.53873,74.40733,59.54678,124.035934,512.4032,43.76946,133.59323,105.9996,74.32478,231.3469,54.64587,46.35197,54.806828,203.98679,162.29872,156.29501,103.15208,51.797054,42.499756,101.13009,136.77014,132.16377,20.11886,36.514256,56.96986,79.1749,119.37244,58.990158,58.71074,80.35263,178.34431,203.3138,84.16233,47.346302,358.36536,92.110085
2017-09-22,173.46877,156.30878,41.0945,40.393833,17.321445,86.07363,110.38164,35.868988,52.124554,41.45161,13.96043,98.93239,137.21481,68.12301,65.06511,74.10416,59.564354,122.78918,509.31406,43.63144,132.0835,105.88447,74.33475,229.60747,54.469524,46.431232,54.821312,203.24925,161.30203,155.71915,102.91822,51.757572,42.377003,101.1684,136.6828,132.46344,20.111526,36.453545,56.921955,79.26502,119.14099,59.030922,58.391193,80.006454,178.36235,203.2285,84.26223,47.175594,358.7131,91.55452
2017-09-25,172.6439,155.98143,40.5928,40.416775,17.127686,85.81298,110.49323,35.68187,51.98291,41.28366,13.687284,98.84944,136.68927,68.0325,64.37183,73.46648,59.430485,121.21901,504.6788,43.35242,130.54369,105.5761,74.34075,227.2483,54.070343,46.454823,54.543964,201.77034,159.66605,154.93958,102.551346,51.6347,42.227184,101.30907,136.62354,132.78012,20.068388,36.34349,56.811813,79.40946,118.73342,59.002934,57.99105,79.35522,178.16441,202.81966,84.27521,46.95879,356.80713,90.82136
2017-09-26,173.16144,156.18924,40.620342,40.625404,17.051928,86.329,109.99457,35.61329,52.408825,41.36058,13.780757,98.85001,137.46321,68.17788,64.82818,73.338326,59.595646,119.991745,504.27753,43.487453,130.43459,105.42788,74.301834,227.80635,54.19858,46.736458,54.65972,203.69138,159.81267,155.11731,102.958496,51.824295,42.455975,101.26416,136.8967,133.07643,20.13321,36.462696,56.89711,79.381195,119.132355,59.243702,58.629032,79.93807,178.38821,203.32349,84.45116,47.133644,358.37375,91.664604
2017-09-27,173.5547,156.56845,40.537346,41.05841,17.062103,86.597885,110.2082,35.636665,52.731403,41.450005,13.954175,98.91753,137.94272,68.1495,64.87875,73.37981,59.644527,118.87462,504.21878,43.58025,130.83598,105.42451,74.232834,228.2798,54.27826,46.930138,54.81619,204.39981,159.52226,155.16754,103.20464,51.921227,42.498085,101.14193,136.755,133.08833,20.195827,36.54052,57.017666,79.304504,119.52911,59.434998,58.756844,80.47933,178.76872,203.83627,84.70632,47.04689,360.94492,91.96507
2017-09-28,173.64899,156.68358,40.42817,41.50215,17.422274,86.762764,110.27752,35.614872,52.84757,41.418724,14.015783,98.83839,138.11055,68.13862,64.56846,73.159805,59.57675,117.73465,503.69547,43.589607,130.8508,105.3482,74.19969,228.38087,54.151344,47.081512,54.86126,204.44484,158.91684,155.04745,103.10078,51.93945,42.40938,101.01075,136.4982,133.15207,20.216156,36.539707,57.060368,79.29532,119.49266,59.51243,58.631844,80.724396,178.98851,204.305,84.8893,46.828182,362.845,91.824394
2017-09-29,173.2146,156.47055,40.164944,41.75995,17.672825,86.899155,110.39799,35.448555,52.75073,41.303253,13.799913,98.67178,137.86098,68.06385,63.786655,72.69849,59.456738,116.65582,501.90485,43.496273,130.10506,105.11485,74.16966,227.57204,53.848896,47.167114,54.61455,203.64864,157.86258,154.73198,102.78147,51.889076,42.28463,100.98219,136.24603,133.36453,20.198652,36.47489,57.01653,79.37183,119.266815,59.53197,58.353638,80.54935,178.99538,204.24771,84.97851,46.567085,363.03516,91.31887
2017-10-02,172.14565,155.95404,39.816204,41.74688,17.498802,86.798775,110.454865,35.25106,52.472748,41.125805,13.406457,98.46217,137.37886,67.96132,62.708702,71.926384,59.2909,115.718185,498.83942,43.292046,127.336655,104.70807,74.15614,225.97682,53.435135,47.204456,54.29076,202.179,156.4745,154.28925,102.288445,51.76748,42.136173,101.07365,136.0709,133.59369,20.148977,36.365097,56.90712,79.50125,118.869774,59.488255,57.993496,79.9358,178.82225,203.77664,84.95765,46.279163,361.03317,90.59368
2017-10-03,172.38075,156.80325,40.2374,42.168953,17.639574,87.38794,109.45714,35.32898,52.92873,41.317238,13.740788,98.71846,139.393,68.159966,64.03651,71.62842,59.80544,116.616646,502.662,43.676258,130.9165,104.66426,74.19522,227.98831,53.750465,47.570415,55.197216,205.82585,157.71791,155.80392,103.55447,52.12782,42.703056,101.75049,137.49419,135.08574,20.189371,36.67176,57.07886,79.455765,119.69172,60.03916,59.447163,81.87328,179.6785,204.78755,85.0114,47.20075,362.84326,93.04589
2017-10-04,172.74141,157.7952,40.564713,42.614986,17.80309,87.76857,109.8661,35.68052,53.22493,41.470337,14.2376375,98.94983,140.61534,68.08331,64.77793,71.5041,60.16916,117.51966,506.67966,43.921574,133.77634,104.76888,74.16001,229.74097,54.007793,47.739136,56.26,207.31474,158.72966,156.70189,104.55689,52.39189,43.048523,102.256775,138.64244,136.42041,20.197365,36.893494,57.33419,79.62668,120.38582,60.45982,60.04216,83.81195,180.16556,205.98692,85.19128,47.938503,366.0307,94.85498
2017-10-05,172.90399,158.23564,40.78433,42.751736,18.11322,87.99587,110.01137,36.02146,53.29872,41.500343,14.580453,99.097015,141.14174,68.06021,65.050316,71.230484,60.39435,118.08587,509.69586,44.03212,134.81726,104.69161,74.17556,231.10922,54.087612,47.719036,57.121914,208.12679,159.25604,157.17691,105.04695,52.530373,43.07088,102.67144,139.5587,137.52298,20.181013,36.941578,57.450413,79.758675,120.488815,60.71133,60.149902,84.96444,180.49898,206.93549,85.173004,48.443623,368.89508,95.953766
2017-10-06,172.57057,158.32318,40.800915,42.533627,18.328926,88.02505,110.14648,36.209652,53.17753,41.43909,14.60314,99.16819,140.97406,67.995384,64.8462,71.37209,60.445885,118.35249,511.1631,43.980255,134.55185,104.49233,74.16869,231.42462,53.979183,47.596504,57.604595,207.91628,159.2212,157.18422,105.10976,52.562706,43.00019,103.04735,140.32425,138.47723,20.140293,36.886475,57.455654,79.920494,120.30802,60.833836,59.95605,85.37052,180.49632,207.4031,85.09161,48.690193,370.2843,96.32159
2017-10-09,171.70398,158.08131,40.64634,42.141003,18.284409,87.97813,110.28009,36.2365,52.919918,41.30563,14.362999,98.56012,140.41643,67.91434,64.22067,71.41866,60.348183,118.32028,510.98706,43.78366,130.54665,104.23832,74.16016,230.58315,53.65841,47.467323,57.69873,206.65858,158.54938,156.81944,104.87806,52.49015,42.861897,103.41251,141.0364,139.17638,20.078838,36.75699,57.38817,80.096794,119.917465,60.846523,59.599655,85.05556,180.20613,207.44699,84.96674,48.743607,369.56476,96.11375
2017-10-10,172.29143,158.39365,41.060883,42.08486,18.728315,88.215096,109.73442,36.362797,53.247612,41.413105,14.542735,98.472534,141.3422,68.06338,65.047745,72.263176,60.54408,118.818954,514.6755,44.02089,130.628,104.25973,74.13674,232.62764,53.88712,47.65418,57.992363,208.7135,159.54861,157.3843,105.32686,52.776676,43.101868,103.58793,142.12468,139.73244,20.137865,36.877224,57.40778,80.11751,120.22645,61.040474,60.3447,85.68446,180.27278,208.16145,85.02164,49.136997,372.50308,97.33959
2017-10-11,172.73811,158.897,41.277725,42.2074,18.801308,88.305885,109.99135,36.57143,53.47055,41.526516,14.78858,98.67075,141.81496,68.062,65.555016,73.22322,60.62824,119.31724,517.2959,44.154037,131.76457,104.465866,73.95627,234.16158,54.10283,47.747192,58.259995,209.10847,160.28804,157.52888,105.591446,52.928024,43.165028,103.65221,142.61703,139.881,20.204716,36.96124,57.5093,80.09633,120.60584,61.15228,60.38921,85.77397,180.53207,208.7271,85.207596,49.17989,376.47702,97.861496
2017-10-12,172.85364,159.05086,41.285744,42.305122,18.930656,88.42503,110.12179,36.829403,53.516174,41.53825,14.8777895,98.625084,141.8963,68.07487,65.68103,73.97859,60.61919,119.52308,518.2516,44.210506,132.3247,104.61705,73.80106,234.7797,54.17061,47.72821,58.156784,208.70174,160.56992,157.3448,105.56879,52.99389,43.078938,103.67106,142.82745,139.9933,20.235323,36.95566,57.521564,80.106316,120.53883,61.15816,60.226116,85.36067,180.69867,209.03807,85.350235,49.06148,379.6299,97.86231
2017-10-13,172.41014,158.88368,41.121788,42.207783,18.76229,88.491135,110.233795,37.097416,53.38033,41.47103,14.782249,98.47622,141.52037,68.037125,65.34748,74.50767,60.499096,119.20433,516.993,44.164074,130.26633,104.66795,73.659096,234.00056,54.064762,47.644535,57.998985,207.40927,160.30722,156.87434,105.29403,52.96948,42.94581,103.73505,143.01666,140.15262,20.228292,36.88013,57.469807,80.17373,120.284996,61.08676,59.922462,84.46811,180.64546,208.91963,85.45753,48.86672,380.89767,97.43789
2017-10-16,171.29735,158.45284,40.806778,41.777473,18.474424,88.55401,110.34469,37.297676,52.878708,41.34543,14.517422,98.29714,140.71042,67.97094,64.645195,74.80954,60.323452,118.64701,513.44977,44.00208,128.38594,104.59892,73.54395,232.1701,53.78904,47.46791,57.716698,205.4454,159.51909,155.9553,104.8558,52.86827,42.785706,103.87141,143.1455,140.32616,20.189709,36.76712,57.352695,80.28275,119.87778,60.952015,59.508476,83.397736,180.45464,208.72209,85.45445,48.663162,379.75357,96.68432
2017-10-17,171.64813,158.54903,41.0678,41.669193,18.604298,88.72912,109.85182,37.54495,52.960888,41.45217,14.629954,98.02589,141.33868,68.14483,65.34147,75.60001,60.46841,118.80541,513.4008,44.24737,129.53905,104.757065,73.491,233.75829,54.048492,47.590244,57.83728,206.81358,160.4641,156.01613,105.173065,53.127632,43.005722,103.865395,143.64645,140.58022,20.257395,36.866802,57.38244,80.25317,120.15242,61.061844,60.184505,83.687706,180.71246,209.42238,85.562416,48.900726,382.09225,97.55001
2017-10-18,171.91577,158.8193,41.122025,41.79777,18.19369,88.71372,110.1172,37.752224,53.03375,41.56068,14.767244,97.340256,141.71822,68.135376,65.666954,76.54394,60.536213,119.16847,512.80383,44.371113,131.89717,105.050545,73.436356,234.93016,54.314697,47.651924,57.93086,206.9483,160.70001,155.97583,105.358826,53.263622,43.058563,103.79003,143.69646,140.56732,20.324587,36.938927,57.472225,80.194305,120.537346,61.156948,60.29536,84.0361,181.08798,212.01137,85.800964,48.885986,385.38266,97.82763
2017-10-19,172.23784,158.74016,41.000355,41.836163,18.38891,88.230286,110.26584,37.883,52.952805,41.56078,14.827902,96.89971,141.44368,68.14153,65.63121,77.3223,60.49912,119.360176,511.5389,44.354263,132.3726,105.22003,73.44448,235.45404,54.434177,47.61088,57.94739,206.65817,160.37537,155.84993,105.24914,53.322495,42.971798,103.69706,143.50107,140.76208,20.355597,36.936016,57.495773,80.1828,120.47866,61.14791,60.127357,84.10565,181.36021,213.82443,85.96538,48.737633,387.8523,97.66938
2017-10-20,172.12662,158.38736,40.606907,41.644176,18.435324,87.19812,110.37815,37.965992,52.733124,41.49038,14.683508,96.650154,140.80896,68.09274,65.105606,77.78848,60.38028,119.08598,508.95624,44.18426,131.62138,105.23138,73.471245,234.51219,54.33892,47.48769,57.870743,205.61925,159.48553,155.53326,104.90498,53.291763,42.840805,103.676506,143.27946,141.108,20.350586,36.87598,57.444103,80.22609,120.25282,61.05997,59.498844,83.767525,181.41289,214.4175,86.07573,48.505276,388.4801,97.11411
2017-10-23,171.25142,157.8496,40.043255,41.382824,18.043919,86.10963,110.42094,37.972214,52.397823,41.36343,14.371411,96.612076,139.98586,68.012985,64.28883,77.824165,60.24028,118.371025,504.22565,43.883778,130.17157,105.070595,73.536766,233.67502,54.03193,47.364697,57.736984,204.03246,158.4087,155.13902,104.57744,53.176865,42.676163,103.740036,143.17104,141.61884,20.310484,36.756092,57.352825,80.32238,119.85633,60.913494,58.98166,82.98157,181.26118,214.06308,86.10003,48.24674,386.78656,96.30524
2017-10-24,171.68678,157.9252,40.039696,41.446434,16.763565,85.97956,109.91705,38.1608,52.713223,41.464634,14.467041,97.052864,140.72939,68.16481,64.92249,78.36557,60.384216,118.24249,503.30045,44.026234,131.63168,105.08273,73.64962,236.32603,54.271175,47.532513,57.918777,205.66422,159.28207,155.71939,105.109474,53.388462,42.889977,103.66672,143.49487,142.24167,20.370401,36.86638,57.414402,80.308556,120.10911,61.02277,59.6165,83.307465,181.41588,214.16745,86.21339,48.41233,388.67908,97.06706
2017-10-25,171.82812,158.16432,39.979744,41.552063,16.937405,85.91322,110.178825,38.428726,52.9942,41.564198,14.603164,97.294815,141.19298,68.1417,65.2408,78.79606,60.338535,118.136406,502.20117,44.106617,132.22426,105.20801,73.719536,238.50781,54.48695,47.641785,57.895683,205.85623,159.5906,156.0152,105.51655,53.474163,42.93795,103.55093,143.40437,142.47827,20.43144,36.94865,57.548313,80.24497,120.48633,61.116863,59.682507,83.50667,181.72139,214.48016,86.37287,48.352013,391.48737,97.26881
2017-10-26,171.56442,158.05185,39.864418,41.68894,17.023474,85.67528,110.30974,38.763004,53.120327,41.5482,14.519722,97.20623,141.28032,68.13932,65.452934,79.09033,60.30106,117.901276,500.2792,44.07958,130.8253,105.19773,73.83717,239.76613,54.543938,47.666122,58.22804,205.40675,159.81076,156.35123,105.620384,53.478138,42.855545,103.43285,143.16899,142.6519,20.455185,36.935513,57.52551,80.24568,120.43344,61.115677,59.515953,83.37479,181.95564,214.38397,86.3544,48.18125,393.51727,97.0544
2017-10-27,170.33318,157.46785,39.636536,41.681507,16.708593,85.351814,110.452,39.36783,53.080208,41.464405,14.292908,96.9912,140.96693,68.07891,65.29908,79.232086,60.222706,117.43174,496.49786,43.958885,128.0565,105.042175,73.95011,239.64635,54.438602,47.642796,58.45913,204.28996,159.66643,156.29419,105.44237,53.42393,42.726913,103.39651,142.70946,142.83408,20.449642,36.822723,57.455772,80.30102,120.22404,61.039764,59.152153,82.919716,182.00212,214.2254,86.35609,47.945328,393.76404,96.47181
2017-10-30,168.47937,156.62485,39.189224,41.512615,13.847759,84.95045,110.500755,39.795074,52.851246,41.319916,13.727531,96.8213,140.35983,67.99912,64.73289,78.948654,60.031185,116.78886,490.66238,43.67773,124.564766,104.733246,74.038055,237.98727,54.11625,47.584145,58.402668,202.5554,159.27472,156.11131,105.0611,53.300156,42.574165,103.476585,142.3767,143.02284,20.413021,36.692005,57.342804,80.41414,119.86535,60.917187,58.776505,82.220375,181.85057,213.63347,86.385086,47.688953,391.74426,95.65302
2017-10-31,168.28134,156.53204,39.29109,41.6263,12.175424,84.61979,110.005104,40.13327,53.15646,41.40847,13.642489,96.86926,141.01381,68.15113,65.50987,79.22943,60.080746,116.78286,488.31693,43.742073,125.81893,104.626495,74.12485,238.39287,54.328857,47.773987,58.52671,203.77983,160.89699,156.82002,105.44907,53.49427,42.782604,103.39223,142.30658,143.13513,20.463724,36.774334,57.387615,80.39908,120.10389,61.03986,59.44592,82.76954,181.99661,213.78104,86.52898,47.84188,393.3502,96.379814
2017-11-01,167.95032,156.74707,39.59964,42.21483,13.489064,84.57133,110.39473,40.362766,53.193043,41.515965,13.986066,97.26785,141.38945,68.15726,65.3673,79.225006,60.189777,117.37275,483.47903,44.09454,128.95457,104.95274,74.18736,239.4464,54.748966,47.693,59.20855,200.61089,161.26895,156.84573,105.63706,53.381897,42.672504,102.74068,141.08975,142.28107,20.521904,36.60063,57.572376,80.11308,120.18417,60.955124,59.389637,82.762184,181.64851,213.25562,86.67532,47.572155,392.06372,95.27369
2017-11-02,166.44044,156.39859,39.697277,42.008522,14.6354065,84.39484,109.94617,40.419422,53.373684,41.25907,14.355823,98.25375,142.82797,68.035866,66.04682,78.70885,60.08828,117.62627,480.35526,44.10755,131.75952,104.84763,74.184006,239.17906,54.383514,47.582184,59.47056,202.48305,162.43729,158.10913,102.911125,53.03451,41.579693,102.06775,138.08595,140.41377,20.291105,35.488224,57.202133,79.44583,120.18747,59.18404,58.77483,81.26488,182.48592,205.96753,86.27447,46.101265,387.38904,95.55558
2017-11-03,165.39066,156.32228,37.993523,41.76319,14.722355,84.67865,109.98049,40.11093,53.22575,41.318703,14.350356,98.06574,142.74033,67.91754,66.40835,78.569626,60.060665,116.90913,477.07358,44.137867,133.33788,104.93447,74.19235,236.8378,54.298126,47.52855,59.143646,203.72472,163.26918,158.04164,103.3387,52.9137,41.70021,102.25002,138.79254,140.35556,20.096777,35.674442,56.789677,78.896614,118.81987,59.18181,59.137978,82.49804,180.02542,205.75478,86.22911,46.551556,393.59424,97.34557
2017-11-06,163.82135,156.31375,36.24359,41.331703,14.694133,84.57019,110.1313,39.85604,52.93322,41.326813,14.0626,97.77459,142.2884,67.8755,66.282616,78.4377,60.02768,115.77374,473.00403,43.886726,132.76295,104.785706,74.148796,233.85944,54.05896,47.392845,58.718346,204.07462,163.14066,158.0265,103.97602,53.060474,42.214413,103.05601,140.39119,141.47842,20.068274,36.0004,57.085583,79.64072,119.59866,59.71468,59.479046,84.44468,180.55911,207.50073,86.232994,47.399673,397.05054,98.367714
2017-11-07,163.97316,156.79045,35.24469,41.16774,14.513147,84.89268,109.61415,39.869175,53.274197,41.50402,14.137225,97.815605,143.23871,67.96904,67.469475,78.99658,60.202408,115.10782,473.52927,44.04705,135.05292,104.76937,74.10975,234.30257,54.38292,47.475937,58.975452,207.49709,164.55894,158.9217,105.30163,53.61381,42.865772,103.76354,142.70128,142.8206,20.175192,36.464867,57.329273,79.960266,120.18647,60.486485,60.691044,87.32334,181.14406,210.26303,86.35479,48.61277,402.68073,100.53359
2017-11-08,164.25613,157.3277,34.507458,41.111523,15.090045,85.30962,109.89745,40.015057,53.475452,41.65855,14.32694,98.1129,143.58797,67.92164,68.193596,79.62294,60.2761,114.87905,474.19928,44.109035,136.64162,104.85516,73.99638,234.93729,54.70433,47.42434,59.42222,209.12785,165.37476,159.50716,106.32901,54.033504,43.192947,104.315865,144.30826,143.78406,20.28797,36.78713,57.59099,80.21221,120.88842,61.14948,61.096615,89.399704,181.8804,212.61003,86.62372,49.293343,408.28494,101.72863
2017-11-09,164.4744,157.45107,34.1895,40.90858,15.5408125,85.45118,109.979004,40.09928,53.423622,41.68539,14.423417,98.23983,143.27928,67.896,68.41327,80.03365,60.231735,114.54497,474.62146,44.10245,136.72023,104.89144,73.854614,236.60619,54.858604,47.239185,59.905262,209.82489,165.55075,159.76167,106.85917,54.327545,43.266903,104.722206,145.48648,144.55356,20.359386,36.93713,57.70043,80.39881,120.9911,61.600468,61.061005,90.340515,182.4059,214.49632,86.84308,49.620308,412.32007,102.18687
2017-11-10,164.32315,157.18341,33.95954,40.449818,15.652338,85.30306,110.069176,40.065926,53.11513,41.62707,14.337693,98.21749,142.297,67.83406,68.0813,80.06934,60.073673,113.88011,473.6604,44.009705,135.71794,104.87271,73.66091,237.24257,54.73892,46.950005,60.09911,209.47586,165.0366,159.625,106.98539,54.48575,43.217163,105.0715,146.33707,145.16322,20.38725,36.954323,57.709053,80.564354,120.87634,61.89057,60.73764,90.26969,182.48814,215.8795,87.01678,49.70533,413.9907,102.04108
2017-11-13,163.58119,156.6028,33.478863,39.823906,15.7755575,85.50397,110.20988,39.92956,52.70324,41.501125,14.095055,98.090324,141.0178,67.7505,67.39231,79.69244,59.7857,112.81033,470.5947,43.8043,134.89073,104.75185,73.46235,236.51274,54.601204,46.656273,60.08535,207.99129,163.8392,159.17027,106.81559,54.513165,43.09275,105.396126,146.95255,145.61641,20.377298,36.88619,57.635494,80.72297,120.57168,62.035103,60.28032,89.47855,182.2439,216.99065,87.09386,49.642212,412.98758,101.45259
2017-11-14,164.26408,156.70769,33.302986,39.55416,14.99223,85.980156,109.69559,39.97981,52.89106,41.594162,14.274463,98.133385,141.12833,67.88901,68.117386,79.81294,59.846523,112.4811,470.67468,44.078556,137.19342,104.87843,73.30546,238.11806,55.231052,46.67929,60.355705,209.80785,164.49802,159.6575,107.347946,54.861927,43.33175,105.55524,147.83165,146.12015,20.45835,37.020874,57.671383,80.73834,120.81226,62.390907,60.94757,89.676674,182.22116,217.89105,87.19225,49.951458,415.2367,102.32807
2017-11-15,164.76021,156.9853,33.202602,39.823826,15.464503,86.271675,109.971054,40.13319,52.98293,41.702957,14.293166,98.217766,141.2766,67.87077,68.51608,80.15031,59.843304,112.487595,470.06204,44.291767,138.04543,105.20387,73.13256,238.83472,55.93093,46.701183,60.47728,210.10948,164.93146,159.87167,107.695786,55.05181,43.395367,105.614204,148.08667,146.26256,20.535366,37.100452,57.771126,80.706345,121.20569,62.680683,61.01141,89.597786,182.36826,218.07425,87.45011,49.944805,418.30884,102.56884
2017-11-16,164.89659,156.96458,32.975086,40.289116,16.984955,86.49499,110.10447,40.265938,52.941692,41.719772,14.16179,98.01517,141.1699,67.86904,68.57517,80.38572,59.767143,112.409424,468.2913,44.4172,137.0625,105.48794,72.99318,238.70193,56.47301,46.68547,60.462795,209.95412,165.0631,159.83687,107.69325,55.14786,43.314205,105.61219,148.09824,146.39001,20.572304,37.08626,57.79254,80.68453,121.158,62.83305,60.8022,89.06061,182.46638,217.9312,87.655396,49.75338,420.58163,102.39629
2017-11-17,164.45613,156.61226,32.654728,40.65522,17.851242,86.59928,110.174,40.4042,52.763268,41.658737,13.925134,97.74805,140.78589,67.8265,68.263954,80.34435,59.60488,112.23197,465.0782,44.395134,135.59808,105.66633,72.881615,237.77916,56.727177,46.664997,60.40909,209.06197,164.69495,159.52817,107.44844,55.147785,43.18446,105.64469,148.02193,146.51569,20.572374,37.009575,57.747017,80.74692,120.95054,62.89077,60.44175,88.17997,182.40628,217.48164,87.78369,49.50373,421.05185,101.87103
2017-11-20,163.44646,155.99173,32.271446,40.6587,18.313948,86.650475,110.31608,40.329227,52.476616,41.526413,13.526514,97.47173,140.00702,67.73851,67.61736,79.84611,59.38048,111.7749,460.61243,44.25204,134.12721,105.670456,72.807495,235.77985,56.71934,46.607586,60.335476,207.87718,163.88652,159.02232,107.01995,55.05962,43.027775,105.7334,147.91582,146.65744,20.540699,36.87838,57.67834,80.83032,120.61091,62.875996,59.981617,87.092255,182.16278,216.82718,87.80148,49.206753,419.22076,101.09014
2017-11-21,163.88605,156.01637,32.3549,40.907604,19.00828,86.746994,109.754036,40.307587,52.755524,41.598263,13.605528,97.396324,140.68623,67.875175,68.33612,79.95389,59.544605,111.52198,459.95532,44.5091,135.72316,105.82855,72.73499,236.67065,57.06588,46.82547,60.708862,209.9468,165.01398,159.44484,107.3356,55.30725,43.23911,105.70256,148.27264,146.92802,20.599728,36.984253,57.663918,80.81794,120.770996,63.06804,60.674347,87.30782,182.17343,216.9066,87.88378,49.34235,420.88824,101.89367
2017-11-22,164.26877,156.16374,32.41904,41.41175,19.410366,86.84775,110.01418,40.44099,52.965042,41.676735,13.8491535,97.479805,141.00339,67.85206,68.68467,80.09957,59.682404,110.78311,459.37552,44.669872,137.44624,106.096344,72.639015,236.54887,57.32825,46.9734,61.04703,210.52592,165.54166,159.59209,107.585106,55.425457,43.290543,105.64226,148.24442,147.0512,20.663189,37.064552,57.75391,80.747635,121.142586,63.237747,60.798595,87.54937,182.37602,217.04218,88.09975,49.27109,423.51324,102.12513
2017-11-23,164.48796,156.14355,32.40848,41.78001,19.384638,86.94893,110.12263,40.495396,53.02602,41.650074,14.038497,97.62914,140.92046,67.84836,68.69279,80.07593,59.709137,109.85913,458.327,44.725716,138.06784,106.26488,72.59223,236.12817,57.42212,47.014862,61.2489,210.51285,165.57573,159.4732,107.5606,55.465652,43.20177,105.55357,148.08043,147.17598,20.691814,37.06398,57.77097,80.73542,121.090164,63.302486,60.66354,87.55694,182.52286,217.05347,88.20807,49.082394,425.42212,101.99916
2017-11-24,164.22351,155.91695,32.294445,41.870155,19.345304,86.945206,110.25624,40.47434,52.92202,41.55538,14.0536,97.756195,140.45247,67.796616,68.3154,79.82896,59.63279,108.71002,456.03125,44.651527,137.77486,106.29364,72.57161,234.77815,57.307404,46.978893,61.272415,209.79791,165.06952,159.12514,107.29814,55.43222,43.07197,105.53124,147.91835,147.31029,20.687069,37.00755,57.733932,80.77714,120.888695,63.303032,60.348183,87.224266,182.49484,216.79817,88.2957,48.839027,425.6259,101.51047
2017-11-27,163.30511,155.45145,32.067913,41.637047,19.333548,86.83185,110.35973,40.379566,52.664146,41.408867,13.862729,97.80102,139.66841,67.720436,67.60885,79.32236,59.462524,107.32361,452.11322,44.456337,136.82085,106.1769,72.585365,232.28491,56.989227,46.895546,61.12658,208.51924,164.04622,158.58817,106.86264,55.334656,42.917316,105.597435,147.82918,147.41287,20.653528,36.905865,57.650143,80.86337,120.55633,63.258556,59.94195,86.56166,182.29868,216.23395,88.38403,48.57213,423.64853,100.77497
2017-11-28,163.80992,155.61584,32.18751,41.57871,19.235672,86.811066,109.83729,40.412357,52.91857,41.48253,13.987544,97.762115,140.15076,67.855095,68.23251,79.252426,59.55738,106.45124,451.19772,44.662388,138.50363,106.25046,72.61511,232.64114,57.21642,47.037323,61.02634,210.20126,164.74448,158.85628,107.19192,55.557976,43.12369,105.53329,148.11801,147.58636,20.708189,37.003277,57.69087,80.84905,120.69275,63.401012,60.59141,86.92181,182.34251,216.50984,88.42132,48.716194,425.213,101.54615
2017-11-29,164.25685,155.85143,32.290012,41.78582,19.071392,86.78232,110.08942,40.550156,53.065273,41.569283,14.094917,97.693855,140.35075,67.82295,68.470314,79.41776,59.55519,105.67654,449.50937,44.79026,138.04207,106.44317,72.63719,232.65634,57.458153,47.103527,61.02453,210.4009,165.05472,158.92427,107.4052,55.66037,43.179268,105.44223,147.95123,147.62248,20.766521,37.07177,57.766735,80.75747,121.05768,63.54274,60.681355,87.13544,182.57257,217.10089,88.60639,48.633736,427.65308,101.75811
2017-11-30,164.55237,155.93439,32.585335,42.24862,18.905449,86.58042,110.27956,40.568176,53.134163,41.556778,14.049938,97.57192,140.46559,67.81234,68.31876,79.46774,59.484993,104.760925,446.57947,44.838585,136.27438,106.55721,72.72632,232.66408,57.54736,47.196537,60.971,210.03516,164.96796,158.83385,107.357086,55.683403,43.100807,105.35295,147.72249,147.73106,20.788078,37.067932,57.785984,80.742424,120.98846,63.60463,60.491474,87.11345,182.77092,217.77618,88.73445,48.44736,429.38217,101.617386
2017-12-01,164.26778,155.79568,33.04345,43.0406,19.148403,86.56213,110.62043,40.379253,52.9136,41.50387,14.033946,97.91856,140.44342,67.76463,67.16558,78.969154,59.551517,104.57948,439.37347,44.97604,138.19078,106.8293,72.91183,234.54266,57.575436,47.18915,61.513863,206.01448,163.38193,158.12526,107.079796,55.44244,42.847282,104.77886,146.64836,147.47115,20.775322,36.789864,57.8581,80.62507,120.60453,63.44194,60.042526,86.15109,182.23492,217.6903,88.706825,48.060863,425.6553,99.88502
2017-12-04,162.44516,155.1105,33.154877,42.746147,19.01524,86.03343,110.14169,40.07591,52.76048,41.125664,13.996733,99.01366,141.29161,67.54928,66.74622,77.97266,59.372177,104.10104,432.69128,44.672237,137.94467,106.5345,73.07038,234.89502,56.716732,47.159836,61.436703,206.76266,162.47905,158.76186,104.28737,55.028206,41.818523,104.2841,144.16747,146.39183,20.506931,35.69957,57.472908,80.38569,120.46599,61.88198,59.220814,83.93772,182.79053,211.05273,88.23681,46.6784,416.55142,99.52503
2017-12-05,163.20871,155.65329,33.59306,43.062653,18.70306,85.95539,109.52905,39.754528,53.082966,41.346767,14.130547,99.18745,142.69342,67.6476,67.88234,77.92603,59.704304,104.03372,432.26038,44.979717,139.9942,106.747345,73.25534,237.09822,56.92843,47.52126,61.471886,209.82895,163.72745,159.55331,105.44079,55.13851,42.27597,104.35777,145.56192,146.90317,20.391808,36.139694,57.08215,79.60172,119.42569,62.061188,60.612938,86.067085,180.42809,212.08626,88.2321,47.49123,424.14355,102.10484
2017-12-06,164.2473,156.4329,34.026695,43.642307,18.208792,86.251595,109.83864,39.631096,53.322807,41.56355,14.155941,99.51326,143.55467,67.69487,68.56655,77.945,59.87595,103.95406,433.895,45.073635,140.33643,107.03145,73.32044,238.83159,57.264393,47.77463,61.64781,210.65813,164.44307,160.15561,106.76322,55.466522,42.967373,104.97126,147.04515,148.197,20.453114,36.680298,57.555035,80.17248,120.97237,62.79187,61.523827,88.7444,181.45421,214.9352,88.494255,48.46728,431.6201,103.87395
2017-12-07,165.22987,156.73969,34.33748,43.871647,17.739304,85.97843,109.95031,39.55262,53.49938,41.61039,14.042723,99.66505,143.83841,67.71939,68.84488,77.920456,59.84276,103.70205,434.5251,45.10534,140.06259,107.20097,73.45524,239.31837,57.489338,47.888084,61.738842,210.4804,164.53798,160.24368,107.611855,55.729412,43.2427,105.535034,148.49144,149.39502,20.497492,37.004337,57.757214,80.44541,121.122765,63.37741,61.778435,90.59163,182.07784,217.52031,88.634766,49.180428,437.1394,104.865265
2017-12-08,165.50833,156.61023,34.418133,43.769318,17.387678,85.74836,110.09451,39.514145,53.529312,41.559345,13.826566,99.45557,143.5648,67.68767,68.754364,77.77882,59.764225,103.37035,433.78564,45.00314,138.99658,107.23761,73.60815,238.59671,57.515476,47.927593,61.691177,209.42557,164.04492,160.01335,108.04194,55.89101,43.352272,106.05683,149.67949,150.45712,20.521345,37.165066,57.86333,80.743645,121.2188,63.797043,61.64845,91.38914,182.4983,219.12526,88.71555,49.640465,439.8473,105.147484
2017-12-11,164.91507,156.1439,34.225643,43.50259,17.06682,85.73011,110.181656,39.467304,53.470005,41.436436,13.634808,99.44853,142.9621,67.60967,68.37632,77.40176,59.62993,103.03365,431.14954,44.769714,137.821,107.07835,73.796486,237.07297,57.331055,47.96609,61.63252,207.68274,163.21286,159.52867,108.10349,55.941273,43.32801,106.515045,150.69266,151.30548,20.518518,37.19913,57.87837,80.983345,121.006294,64.06537,61.2739,91.25833,182.60022,219.9241,88.6885,49.8891,439.50516,104.871315
2017-12-12,165.79828,156.37323,34.43852,43.481968,16.966625,86.128204,109.66838,39.531338,53.92844,41.534218,13.919449,99.443146,143.67761,67.75312,69.26536,77.48308,59.81536,103.217834,433.13797,44.938076,139.58894,107.06642,73.98886,238.67613,57.65907,48.23004,61.93102,209.0926,164.24327,160.02211,108.6907,56.31255,43.614586,106.794556,152.04713,152.21698,20.602476,37.38238,57.9372,81.07665,121.217804,64.43619,62.0305,91.95019,182.86612,220.92339,88.72425,50.432858,442.23206,105.97581
2017-12-13,166.60588,156.59111,34.620014,43.618294,16.914465,86.49578,109.90415,39.7368,54.237915,41.62351,14.249158,99.46538,143.9869,67.73735,69.8021,77.835915,59.89245,103.61982,435.43393,45.01928,140.72525,107.21866,74.12843,239.92487,57.96126,48.41492,62.19484,209.14499,164.94736,160.19484,109.13273,56.52281,43.728336,106.97731,152.64873,152.66164,20.682447,37.508984,58.05813,81.10242,121.63912,64.736725,62.156384,92.20915,183.2582,221.54578,88.904144,50.674664,445.56024,106.356544
2017-12-14,167.16365,156.40727,34.72709,43.74599,16.890818,86.536446,110.045425,39.95819,54.405376,41.58316,14.496556,99.44302,144.01213,67.717735,69.99144,78.02049,59.85443,103.97386,437.3367,45.016857,141.34102,107.32498,74.27817,240.73788,58.129204,48.507057,62.30709,208.59886,165.1847,160.1218,109.19481,56.6518,43.67138,107.062386,153.0317,152.98866,20.722647,37.53817,58.08741,81.14283,121.61017,64.887886,61.973404,92.00073,183.55345,221.87433,89.01018,50.680042,447.90222,106.29106
2017-12-15,167.16939,156.09024,34.58561,43.631176,17.072063,86.50934,110.182816,40.114532,54.394276,41.462044,14.635078,99.20483,143.57613,67.65863,69.727646,77.76761,59.70901,104.22673,437.76984,44.910427,141.24332,107.32911,74.399864,240.50339,58.126324,48.493626,62.26858,207.41013,164.63243,159.8395,109.06597,56.690918,43.55889,107.14895,153.22096,153.31229,20.725813,37.495438,58.066235,81.2075,121.44062,64.93531,61.554253,91.39442,183.6511,221.90125,89.09042,50.570137,448.33353,105.79645
2017-12-18,166.35822,155.4589,34.11584,43.266743,16.732817,86.16689,110.31133,40.179684,54.16683,41.289223,14.500056,98.843735,142.58179,67.558586,69.12528,76.71269,59.428547,103.95506,436.0508,44.68433,139.91817,107.19989,74.4904,239.14082,57.89928,48.39674,61.77325,205.4694,163.1974,159.25972,108.69164,56.639317,43.399696,107.25557,153.33513,153.58261,20.697264,37.188488,57.994244,81.2889,121.13962,64.89452,61.043743,90.4162,183.53258,221.95122,89.02698,50.389194,446.45895,105.0624
2017-12-19,167.06949,155.5012,34.145634,43.363277,16.677448,86.43113,109.77633,40.365406,54.495678,41.35257,14.88883,99.01808,143.2154,67.69335,69.934006,76.73385,59.501373,103.869156,438.24344,44.89972,141.85689,107.24653,74.58511,241.51286,58.252434,48.61056,62.96337,206.9499,163.95377,159.59038,109.03419,56.947735,43.59867,107.25445,153.94388,154.01738,20.755814,37.22357,57.98662,81.28992,121.20751,64.9984,61.73327,90.69759,183.6384,222.50244,89.01182,50.618755,448.25507,105.85696
2017-12-20,167.68872,155.79518,34.262867,43.777138,16.84957,86.60198,110.06608,40.625317,54.793175,41.41024,15.453123,99.27654,143.67072,67.68574,70.44907,76.73378,59.520992,103.691345,440.4182,45.054886,142.6801,107.4459,74.63251,243.8806,58.57463,48.774654,64.45258,207.03674,164.65388,159.73923,109.2397,57.111156,43.663136,107.227844,153.9829,154.148,20.817013,37.3398,58.07084,81.24764,121.58385,65.095215,61.83976,91.003944,183.892,222.77411,89.175354,50.60458,450.93265,106.04055
2017-12-21,168.10114,155.917,34.27305,44.11738,17.169382,86.50385,110.18219,40.71128,54.90671,41.3516,15.8635,99.4309,143.72096,67.671684,70.6408,76.54521,59.521626,103.428986,441.7103,45.110737,142.3531,107.55601,74.70313,245.40865,58.736294,48.85341,65.83372,206.93077,164.92464,159.63733,109.17855,57.17285,43.581825,107.15755,153.78265,154.31514,20.840433,37.35901,58.092285,81.24996,121.521576,65.092834,61.663677,91.05284,184.08813,222.9209,89.265884,50.451115,452.84674,105.869225
2017-12-22,168.02715,155.73508,34.089886,44.26499,17.247599,86.40722,110.259766,40.67111,54.86133,41.2081,16.06054,99.01086,143.3833,67.59153,70.40392,76.00077,59.4418,102.96744,441.2159,45.031357,141.9691,107.54788,74.76088,246.1003,58.681732,48.850933,66.60867,205.98166,164.41852,159.28978,108.846954,57.137966,43.45832,107.12865,153.54042,154.51057,20.827648,37.32402,58.06622,81.294266,121.35036,65.02397,61.317646,90.81831,184.12401,222.90443,89.33069,50.227478,453.044,105.349556
2017-12-25,167.2627,155.32552,33.817493,44.16154,17.337536,86.36023,110.35145,40.547237,54.73331,41.009083,16.07345,98.64586,142.72513,67.48302,69.776215,75.1844,59.26209,102.27914,438.33313,44.83713,140.76408,107.40465,74.81321,245.85634,58.394447,48.80977,66.84768,204.36314,163.20639,158.68028,108.43155,57.025433,43.304382,107.168785,153.3196,154.64699,20.785906,37.250443,57.999794,81.382805,121.056694,64.91804,60.91265,90.30469,183.9955,222.65396,89.3401,49.994087,451.0631,104.59549
2017-12-26,166.8482,155.22874,33.707413,44.03873,17.458994,86.41896,110.11941,40.441696,54.782516,40.929417,16.146158,98.481026,142.54866,67.490845,69.6301,74.635925,59.203106,101.63751,436.0772,44.79107,140.91801,107.27632,74.86914,246.48354,58.25259,48.887676,66.97025,203.95265,162.69653,158.41812,108.31406,57.05499,43.32039,107.203285,153.45789,154.83205,20.77781,37.252586,57.955223,81.450294,120.89276,64.88901,61.03561,90.26597,183.86687,222.64233,89.34881,49.974434,449.9547,104.521706
2017-12-27,167.07555,155.51913,33.811768,44.119366,17.686672,86.5957,109.98156,40.42517,55.00931,40.989082,16.405983,98.46252,142.8712,67.54234,69.95464,74.54103,59.2625,101.31015,435.98706,44.923107,142.01671,107.30795,74.904816,248.17532,58.33482,49.041386,67.068886,204.4483,163.05507,158.53201,108.523796,57.20022,43.44648,107.17519,153.61334,154.89029,20.820845,37.3369,58.000645,81.4459,121.09066,64.95662,61.438168,90.75003,183.94711,222.92699,89.45977,50.071125,451.20755,104.93849
2017-12-28,167.17625,155.67668,33.873455,44.20744,17.764347,86.740005,110.178246,40.390335,55.10701,40.9975,16.635038,98.18778,142.83505,67.516304,69.958,74.40081,59.210613,101.09163,436.25992,44.967953,141.6821,107.37747,74.919846,249.02368,58.373844,49.090405,67.01176,204.09348,163.0388,158.42612,108.502525,57.265923,43.42553,107.107475,153.41972,154.8218,20.853275,37.353397,58.052795,81.42636,121.23441,65.002975,61.407967,90.96171,184.10098,223.01445,89.61994,49.992733,452.55563,104.8633
2017-12-29,166.90573,155.5271,33.805775,44.191082,17.586699,86.757614,110.28771,40.35977,55.04752,40.925148,16.680054,97.67112,142.46025,67.466896,69.680695,74.27291,59.1044,100.72231,435.36957,44.894722,140.91212,107.365204,74.94404,249.02208,58.28001,49.057686,66.84025,203.20604,162.55232,158.10437,108.24142,57.27182,43.31265,107.05114,153.24074,154.7641,20.857265,37.321976,58.04377,81.43434,121.1127,64.98953,61.15964,90.78234,184.16667,222.95284,89.69862,49.827225,452.76443,104.46679
